{"mean": [0.00029500166419893503, 0.00043291490874253213, 50.95989227294922, 2.027226209640503, 0.00030702308868058026, 0.00038519600639119744, 50.962989807128906, 2.0241808891296387, 0.0003010453947354108, 0.0004179782699793577, 50.963233947753906, 2.020230531692505, 0.00030783386318944395, 5.6352087995037436e-05, 50.9624137878418, 2.0165417194366455, 0.0003004671016242355, -0.00027253275038674474, 50.95539855957031, 2.012159824371338, 0.0002936339587904513, -2.383262835792266e-05, 50.94831466674805, 2.007828712463379, 0.00030167141812853515, 7.491455471608788e-05, 50.947879791259766, 2.0026679039001465, 0.00029122017440386117, 0.0008243266493082047, 50.9479866027832, 1.9955651760101318, 0.0003094647836405784, 0.00042160041630268097, 50.9481201171875, 1.9874190092086792, 0.0003064727643504739, -0.00018096402345690876, 50.94245147705078, 1.9770798683166504, 0.0002987838815897703, 0.00035036858753301203, 50.933441162109375, 1.9674679040908813, 0.00029498484218493104, 0.0002248098171548918, 50.92723083496094, 1.9584290981292725, 0.00029904034454375505, 0.0004806912620551884, 50.923301696777344, 1.949252724647522, 0.00029621736030094326, 0.0002741492062341422, 50.9182014465332, 1.9396668672561646, 0.00030431608320213854, 0.000568343501072377, 50.91315460205078, 1.9304981231689453, 0.00030746840639039874, 0.00015928939683362842, 50.909912109375, 1.9215081930160522, 0.0002971307549159974, -6.4993441810656805e-06, 50.905120849609375, 1.9134125709533691, 0.0002801736118271947, -0.0006653326563537121, 50.90581130981445, 1.9066698551177979, 0.00027217509341426194, -0.0007389617967419326, 50.91182327270508, 1.9003667831420898, 0.0002891841868404299, -0.00040898608858697116, 50.92232894897461, 1.8924627304077148, 0.0003001671575475484, -3.017738890775945e-05, 50.9284782409668, 1.8814125061035156, 0.00029498463845811784, 0.0006141266785562038, 50.93025207519531, 1.8683874607086182, 0.00030046727624721825, 0.00016062443319242448, 50.9316520690918, 1.8549152612686157, 0.00028289557667449117, -9.960457100532949e-05, 50.93231201171875, 1.8401402235031128], "scale": [0.02074309065937996, 0.881218433380127, 15.621567726135254, 18.622066497802734, 0.02074691839516163, 0.8812016248703003, 15.619832038879395, 18.622350692749023, 0.02074190229177475, 0.8811904788017273, 15.619736671447754, 18.622726440429688, 0.020740358158946037, 0.8811777830123901, 15.620330810546875, 18.622928619384766, 0.02074107713997364, 0.8810038566589355, 15.625537872314453, 18.622426986694336, 0.020742028951644897, 0.8807902932167053, 15.6310396194458, 18.621183395385742, 0.02073821611702442, 0.8807446956634521, 15.631180763244629, 18.618593215942383, 0.020749473944306374, 0.8819708228111267, 15.63116455078125, 18.61316680908203, 0.020739227533340454, 0.8820565342903137, 15.631203651428223, 18.60488510131836, 0.02073976956307888, 0.8819742202758789, 15.626943588256836, 18.592727661132812, 0.020740145817399025, 0.8818978667259216, 15.619879722595215, 18.58111000061035, 0.02074182592332363, 0.8819930553436279, 15.61449146270752, 18.57005500793457, 0.020740846171975136, 0.8819337487220764, 15.609851837158203, 18.558652877807617, 0.020740875974297523, 0.8819307684898376, 15.602010726928711, 18.547243118286133, 0.020748835057020187, 0.8820381760597229, 15.593945503234863, 18.537471771240234, 0.020750869065523148, 0.8822132349014282, 15.589736938476562, 18.529348373413086, 0.020750096067786217, 0.8822404742240906, 15.584137916564941, 18.52284812927246, 0.020758705213665962, 0.8820866942405701, 15.584671020507812, 18.517738342285156, 0.020760241895914078, 0.8821218609809875, 15.590313911437988, 18.51325035095215, 0.020779253914952278, 0.8823947310447693, 15.600661277770996, 18.508562088012695, 0.02077777311205864, 0.8820905685424805, 15.607010841369629, 18.504039764404297, 0.020775379613041878, 0.8828642964363098, 15.609437942504883, 18.49974250793457, 0.020775405690073967, 0.883124828338623, 15.611059188842773, 18.497394561767578, 0.02077554166316986, 0.8830600380897522, 15.611773490905762, 18.496675491333008]}