{"mean": [0.01669449172914028, -0.018363939598202705, 0.0002017854858422652, 0.012807128950953484, 0.014221267774701118, 51.77656936645508, 0.003323004813864827, 0.008689931593835354, 0.029795998707413673, 0.6652854681015015], "scale": [0.4664594531059265, 0.5165022611618042, 0.01558041200041771, 0.10917210578918457, 0.0064741517417132854, 16.599205017089844, 0.0464196503162384, 0.07485072314739227, 0.010961996391415596, 0.20960894227027893]}