{"mean": [0.0004657666140701622, 0.0017492787446826696, 52.58181381225586, 5.906355381011963, 0.000478308618767187, 0.001077798893675208, 52.59531784057617, 5.917321681976318, 0.0004901054780930281, 0.0006245033000595868, 52.60195541381836, 5.926093101501465, 0.0005037070368416607, 0.0006364191649481654, 52.60725402832031, 5.933255672454834, 0.00048594013787806034, 0.00023747251543682069, 52.60993194580078, 5.939597129821777, 0.0004837669257540256, -0.00031707307789474726, 52.616451263427734, 5.946378707885742, 0.000522938440553844, 0.0007513933232985437, 52.62539291381836, 5.951220989227295, 0.0005139847635291517, 0.0013524790992960334, 52.629364013671875, 5.952829360961914, 0.000528056058101356, 0.0011492992052808404, 52.6391716003418, 5.955042839050293, 0.0005260745529085398, 0.001151536707766354, 52.64235305786133, 5.95632266998291, 0.000511162739712745, -5.399805013439618e-05, 52.64608383178711, 5.958346366882324, 0.000497019849717617, 0.0007915404858067632, 52.65310287475586, 5.961191654205322, 0.0005053674103692174, -0.00026696562417782843, 52.6628303527832, 5.963278293609619, 0.0005207608919590712, 9.986686200136319e-05, 52.669830322265625, 5.962798595428467, 0.0005271582631394267, 0.0011965081794187427, 52.671817779541016, 5.960325717926025, 0.0005067206802777946, -2.68194835371105e-05, 52.6712760925293, 5.957814693450928, 0.0005113555816933513, 0.00023481817333959043, 52.67687225341797, 5.956136226654053, 0.0005119427805766463, 0.0005273745628073812, 52.68341064453125, 5.952739715576172, 0.0005084756412543356, 0.00017569864576216787, 52.68984603881836, 5.94791316986084, 0.0005143719026818871, 0.00018123447080142796, 52.697021484375, 5.941470623016357, 0.0005311412969604135, 0.0014987679896876216, 52.69277572631836, 5.932463645935059, 0.0005374286556616426, 0.0005169388605281711, 52.68604278564453, 5.921100616455078, 0.0005309847765602171, 0.0007139829685911536, 52.67390823364258, 5.909444332122803, 0.0005312138819135725, 0.0010185508290305734, 52.66681671142578, 5.898426532745361], "scale": [0.020700901746749878, 1.244584083557129, 17.166614532470703, 21.05193519592285, 0.020690590143203735, 1.2443914413452148, 17.16678810119629, 21.05683708190918, 0.02068646065890789, 1.2448838949203491, 17.168275833129883, 21.0617618560791, 0.020686127245426178, 1.2449004650115967, 17.16974449157715, 21.06627655029297, 0.02068733237683773, 1.2449685335159302, 17.17079734802246, 21.070568084716797, 0.020688045769929886, 1.2452900409698486, 17.173784255981445, 21.075536727905273, 0.020725902169942856, 1.2461066246032715, 17.17838478088379, 21.07915687561035, 0.02073005773127079, 1.245948314666748, 17.180011749267578, 21.0803165435791, 0.020726626738905907, 1.2459086179733276, 17.187530517578125, 21.0820369720459, 0.020726444199681282, 1.245909333229065, 17.189701080322266, 21.083030700683594, 0.0207194946706295, 1.2467097043991089, 17.192604064941406, 21.084474563598633, 0.020708275958895683, 1.24739408493042, 17.19849967956543, 21.086376190185547, 0.020704034715890884, 1.2478702068328857, 17.204835891723633, 21.087665557861328, 0.02069568634033203, 1.2477723360061646, 17.210371017456055, 21.08734130859375, 0.02070035971701145, 1.2483184337615967, 17.212614059448242, 21.08570098876953, 0.02069222554564476, 1.2482621669769287, 17.21207618713379, 21.08436393737793, 0.020691607147455215, 1.2482916116714478, 17.217679977416992, 21.08353614807129, 0.020691877231001854, 1.248281717300415, 17.22385597229004, 21.0820369720459, 0.02069232426583767, 1.2483880519866943, 17.230127334594727, 21.08028793334961, 0.020690619945526123, 1.2483851909637451, 17.238988876342773, 21.078197479248047, 0.02069959044456482, 1.2495144605636597, 17.235050201416016, 21.075923919677734, 0.020701061934232712, 1.2493047714233398, 17.23346710205078, 21.07461166381836, 0.02070288173854351, 1.2492084503173828, 17.230405807495117, 21.074264526367188, 0.020702997222542763, 1.2492009401321411, 17.227659225463867, 21.07462501525879]}