{"mean": [0.038814689964056015, -0.055091820657253265, 0.0002017854858422652, 0.012807128950953484, 0.014221267774701118, 51.77656936645508, 0.005360674113035202, 0.014225410297513008, 0.029612049460411072, 0.6348400115966797], "scale": [0.4718230068683624, 0.5446383953094482, 0.01558041200041771, 0.10917210578918457, 0.0064741517417132854, 16.599205017089844, 0.05205215513706207, 0.08383540064096451, 0.012929609976708889, 0.32750868797302246]}