{"mean": [-9.849778143689036e-05, 0.00036446438753046095, 49.429656982421875, -1.2568185329437256, -0.0001094758918043226, 0.000906215573195368, 49.41762161254883, -1.269081950187683, -0.00011556466051843017, 0.00022709461336489767, 49.41254425048828, -1.2798761129379272, -0.00012241712829563767, -0.00027278519701212645, 49.41249084472656, -1.2901411056518555, -0.00012550523388199508, -0.0004457950999494642, 49.4129524230957, -1.3004450798034668, -0.00011558255937416106, 4.263157825334929e-05, 49.411155700683594, -1.311407446861267, -0.00011071148765040562, 6.980126636335626e-05, 49.40098571777344, -1.323474407196045, -0.00011386878759367391, -0.00010457207099534571, 49.38417053222656, -1.3359147310256958, -0.00011108569015050307, 0.0008897625375539064, 49.36796188354492, -1.348196029663086, -0.00011386878759367391, 4.5820779632776976e-05, 49.35614013671875, -1.3603264093399048, -0.00011286195513093844, 0.0006793863722123206, 49.34586715698242, -1.3721145391464233, -0.00011113873188151047, 0.0008328164694830775, 49.33372116088867, -1.383700966835022, -0.00011628344509517774, 0.0011169190984219313, 49.31691360473633, -1.394525408744812, -0.00012034925020998344, 0.0005288877873681486, 49.30489730834961, -1.4043103456497192, -0.00011835273471660912, -0.00048202904872596264, 49.29533004760742, -1.4132100343704224, -0.00011134156375192106, 0.0003653974272310734, 49.2856559753418, -1.4214298725128174, -0.00010963495878968388, 0.0008837042259983718, 49.275386810302734, -1.4287456274032593, -0.00011559568520169705, 4.0102961065713316e-05, 49.26293182373047, -1.4345943927764893, -0.00012394784425850958, 0.00016892116400413215, 49.25100326538086, -1.4379044771194458, -0.00013432459672912955, -0.0004539959772955626, 49.240970611572266, -1.4384344816207886, -0.0001482088555349037, 2.2673180865240283e-05, 49.23172378540039, -1.436344861984253, -0.0001453914592275396, -0.00037096490268595517, 49.22800827026367, -1.4321012496948242, -0.00012883344606962055, -5.942306961514987e-05, 49.22871780395508, -1.4272146224975586, -0.0001252336660400033, -0.00019909563707187772, 49.229515075683594, -1.421602725982666], "scale": [0.032180603593587875, 0.9356175661087036, 20.418373107910156, 26.91922950744629, 0.03218171373009682, 0.9358963966369629, 20.41164779663086, 26.90079116821289, 0.03218184784054756, 0.9362776279449463, 20.40694236755371, 26.884199142456055, 0.032180141657590866, 0.9365143179893494, 20.406902313232422, 26.86825180053711, 0.03218015655875206, 0.9364598989486694, 20.40721321105957, 26.85215187072754, 0.03218277171254158, 0.9363256096839905, 20.40631866455078, 26.834556579589844, 0.03218313306570053, 0.9363242983818054, 20.402965545654297, 26.814693450927734, 0.03218400105834007, 0.9361874461174011, 20.399885177612305, 26.793418884277344, 0.032184403389692307, 0.9349555373191833, 20.391361236572266, 26.771671295166016, 0.032184846699237823, 0.934048593044281, 20.380634307861328, 26.749805450439453, 0.03218468651175499, 0.9335190653800964, 20.367582321166992, 26.728069305419922, 0.03218476474285126, 0.9336602687835693, 20.34938621520996, 26.7064151763916, 0.03218449652194977, 0.9335797429084778, 20.32814598083496, 26.686237335205078, 0.03218483552336693, 0.9338431358337402, 20.309734344482422, 26.66802406311035, 0.03218569606542587, 0.9338714480400085, 20.29422378540039, 26.651552200317383, 0.03218928351998329, 0.9346849918365479, 20.278759002685547, 26.636545181274414, 0.03218897432088852, 0.934560239315033, 20.262834548950195, 26.623180389404297, 0.03218844160437584, 0.9347355365753174, 20.24144744873047, 26.612272262573242, 0.03219009190797806, 0.9346615672111511, 20.22060203552246, 26.606117248535156, 0.032191287726163864, 0.9346356391906738, 20.20191764831543, 26.60514259338379, 0.03219609707593918, 0.9342808723449707, 20.184316635131836, 26.60898208618164, 0.03219689056277275, 0.9345329403877258, 20.177337646484375, 26.616512298583984, 0.0322139672935009, 0.9348853230476379, 20.178457260131836, 26.624374389648438, 0.032217755913734436, 0.9348722696304321, 20.17946434020996, 26.63227081298828]}