{"mean": [-0.0033984705805778503, 0.0012744264677166939, 0.00021177360031288117, 0.012694330886006355, 0.014288244768977165, 51.9100456237793, 0.00105841807089746, 0.003987199626863003, 0.0460599884390831, 0.7129283547401428], "scale": [0.6359295845031738, 0.5299028754234314, 0.01567886956036091, 0.11010146141052246, 0.006495107896625996, 16.607938766479492, 0.094761922955513, 0.1648062914609909, 0.01765400357544422, 0.42893606424331665]}