{"mean": [0.012694330886006355, 0.014288244768977165, 51.9100456237793], "scale": [0.11010146141052246, 0.006495107896625996, 16.607938766479492]}