{"mean": [0.012819782830774784, 0.014220668002963066, 51.784873962402344], "scale": [0.10917026549577713, 0.0064746662974357605, 16.58896255493164]}