{"mean": [-0.00023068649170454592, 0.00043496006401255727, 49.99733352661133, 0.05900409445166588, -0.0002343557425774634, 0.001932621351443231, 49.9980354309082, 0.06900700181722641, -0.00025280157569795847, 0.00040782775613479316, 50.0056266784668, 0.08002882450819016, -0.00025047408416867256, 0.0006035314290784299, 50.021026611328125, 0.09196432679891586, -0.00024590949760749936, 0.0012545081553980708, 50.029842376708984, 0.1030086949467659, -0.00023049740411806852, -0.00033364890259690583, 50.03819274902344, 0.11322987079620361, -0.00022220068785827607, 0.001024989876896143, 50.04044723510742, 0.12275317311286926, -0.0002224853087682277, 0.0002457207883708179, 50.04371643066406, 0.13260990381240845, -0.0002270671830046922, 0.00034977163886651397, 50.04585266113281, 0.14359943568706512, -0.00022514251759275794, 0.000198506357264705, 50.04265594482422, 0.15580376982688904, -0.00023003081150818616, 0.0010582196991890669, 50.04145431518555, 0.16902323067188263, -0.00024659838527441025, -0.0006678345962427557, 50.03776550292969, 0.18376424908638, -0.00025279982946813107, 0.000746171164792031, 50.03855895996094, 0.19982579350471497, -0.0002461935509927571, 0.0013553038006648421, 50.04767990112305, 0.21559609472751617, -0.00023568683536723256, 0.0010552151361480355, 50.05482482910156, 0.2302919179201126, -0.0002186770288972184, 0.00031798097188584507, 50.06046676635742, 0.24409082531929016, -0.000208239012863487, 0.0007668103789910674, 50.0635871887207, 0.25721004605293274, -0.00021973528782837093, 0.0006087498040869832, 50.06478500366211, 0.27093037962913513, -0.00021847854077350348, 0.0009782970882952213, 50.07364273071289, 0.2862340807914734, -0.00022367018391378224, 0.0003856173134408891, 50.08336639404297, 0.3023429214954376, -0.00021210564591456205, 0.0005462061380967498, 50.09014129638672, 0.3195628821849823, -0.0002158556890208274, 0.0013080871431156993, 50.088783264160156, 0.33759334683418274, -0.0002395452029304579, 0.0014923684066161513, 50.08802032470703, 0.35756951570510864, -0.00023023391258902848, 0.001552135800011456, 50.095420837402344, 0.3794759213924408], "scale": [0.027936138212680817, 1.0151455402374268, 17.02911949157715, 21.230680465698242, 0.02793552726507187, 1.0137463808059692, 17.02933120727539, 21.228988647460938, 0.02792387641966343, 1.0155693292617798, 17.033384323120117, 21.226268768310547, 0.027924437075853348, 1.0154736042022705, 17.039316177368164, 21.222402572631836, 0.027923591434955597, 1.0157315731048584, 17.03862953186035, 21.21871566772461, 0.027916021645069122, 1.018399715423584, 17.03894805908203, 21.215530395507812, 0.027915922924876213, 1.0199517011642456, 17.03903579711914, 21.212671279907227, 0.027916014194488525, 1.019114375114441, 17.039457321166992, 21.209415435791016, 0.027916578575968742, 1.0191365480422974, 17.039718627929688, 21.20543098449707, 0.027916762977838516, 1.0193073749542236, 17.039016723632812, 21.200057983398438, 0.027914056554436684, 1.0211994647979736, 17.038909912109375, 21.192672729492188, 0.02790219895541668, 1.0211223363876343, 17.039154052734375, 21.182395935058594, 0.027900487184524536, 1.020433783531189, 17.03881072998047, 21.169681549072266, 0.027899786829948425, 1.0198719501495361, 17.034154891967773, 21.157062530517578, 0.02789156883955002, 1.020203948020935, 17.02964210510254, 21.145736694335938, 0.027896568179130554, 1.0200408697128296, 17.026660919189453, 21.135568618774414, 0.027897363528609276, 1.0203717947006226, 17.024389266967773, 21.12552261352539, 0.027901528403162956, 1.0204219818115234, 17.0233097076416, 21.115219116210938, 0.027901679277420044, 1.020524263381958, 17.018369674682617, 21.104276657104492, 0.027903098613023758, 1.0210766792297363, 17.0142822265625, 21.092761993408203, 0.02790534310042858, 1.0211158990859985, 17.010608673095703, 21.080726623535156, 0.027906572446227074, 1.0212328433990479, 17.011077880859375, 21.06786346435547, 0.02790217101573944, 1.0212972164154053, 17.011137008666992, 21.053882598876953, 0.02790004387497902, 1.0213005542755127, 17.009767532348633, 21.037960052490234]}