{"mean": [0.006677796132862568, 0.004590984899550676, 0.00020766787929460406, 0.012819782830774784, 0.014220668002963066, 51.784873962402344, -0.0011773989535868168, -0.0023689125664532185, 0.04024652764201164, 0.9821153879165649], "scale": [0.5871087312698364, 0.5346700549125671, 0.015583476983010769, 0.10917026549577713, 0.0064746662974357605, 16.58896255493164, 0.06709607690572739, 0.10978717356920242, 0.016138382256031036, 0.34255412220954895]}