{"mean": [-0.006688097957521677, 0.010850954800844193, 50.1876335144043], "scale": [0.0722995474934578, 0.003758765058591962, 16.70224380493164]}