{"mean": [-0.0052473763935267925, 0.04647676274180412, 2.1709081920562312e-05, -0.006688097957521677, 0.010850954800844193, 50.1876335144043, 4.340147370385239e-06, 0.0014558188850060105, 0.04002317413687706, 1.1188849210739136], "scale": [0.6140308976173401, 0.5551438927650452, 0.011200345121324062, 0.0722995474934578, 0.003758765058591962, 16.70224380493164, 0.08566904067993164, 0.16580595076084137, 0.01641041971743107, 0.3710895776748657]}