{"mean": [-0.0001209812326123938, 0.0009988179663196206, 48.09098434448242, -3.882789373397827, -0.00014033738989382982, 0.00017549046606291085, 48.08384704589844, -3.892862558364868, -0.00014221762830857188, -0.0006957892328500748, 48.0877571105957, -3.9009382724761963, -0.00012529955711215734, -9.216303442372009e-05, 48.08765411376953, -3.9076662063598633, -0.0001856398448580876, 0.0012686308473348618, 48.07578659057617, -3.9127800464630127, -0.0002195522392867133, 0.0013040133053436875, 48.06096649169922, -3.9149086475372314, -0.00026640144642442465, 0.00066366110695526, 48.04608917236328, -3.9151086807250977, -0.0002834240149240941, -0.0012504307087510824, 48.030574798583984, -3.914477825164795, -0.00023632022202946246, 0.00027289209538139403, 48.02534866333008, -3.915422201156616, -0.00020054090418852866, 0.00015932931273709983, 48.02174758911133, -3.9189324378967285, -0.0002026484435191378, 0.0009329714812338352, 48.01436996459961, -3.9235458374023438, -0.00019992208399344236, 0.0006065311608836055, 48.0092887878418, -3.927934169769287, -0.0001928926503751427, 0.00013310085341800004, 48.003787994384766, -3.932377338409424, -0.00020241022866684943, 0.0004336615966167301, 48.00334548950195, -3.9367854595184326, -0.00017680811288300902, 0.0010664724977687001, 48.00526809692383, -3.9404425621032715, -0.00012445144238881767, 0.0009851272916421294, 48.00800323486328, -3.943368434906006, -0.00014878965157549828, 0.001337664551101625, 47.99896240234375, -3.9443418979644775, -0.00023133597278501838, 0.0008381496882066131, 47.988136291503906, -3.940703868865967, -0.0003029585932381451, 0.0009620017954148352, 47.989952087402344, -3.932635545730591, -0.00033341930247843266, 0.00045465005678124726, 48.0057487487793, -3.922302484512329, -0.00038792338455095887, 0.001089234370738268, 48.036842346191406, -3.9124746322631836, -0.0003269393346272409, 0.0012208293192088604, 48.071659088134766, -3.904296398162842, -0.0002672704868018627, 0.0010149768786504865, 48.09761047363281, -3.9006478786468506, -0.0002634784614201635, 0.00047334679402410984, 48.103023529052734, -3.900376081466675], "scale": [0.03129412606358528, 0.6821901202201843, 18.07737922668457, 24.87555694580078, 0.03127739951014519, 0.6824837923049927, 18.079463958740234, 24.87849235534668, 0.03127748891711235, 0.6824925541877747, 18.078174591064453, 24.880891799926758, 0.031265415251255035, 0.6823406219482422, 18.07819175720215, 24.88256072998047, 0.03140011429786682, 0.6833034157752991, 18.0787410736084, 24.883535385131836, 0.031396739184856415, 0.6832931041717529, 18.072389602661133, 24.883867263793945, 0.031340938061475754, 0.6831371188163757, 18.068058013916016, 24.883892059326172, 0.03134570270776749, 0.6849514245986938, 18.06636619567871, 24.88372039794922, 0.03135780990123749, 0.6858298182487488, 18.06629180908203, 24.884002685546875, 0.031342294067144394, 0.6857950091362, 18.06654930114746, 24.88509750366211, 0.031340472400188446, 0.6859875321388245, 18.06717872619629, 24.886554718017578, 0.03134073689579964, 0.6860244274139404, 18.068260192871094, 24.888093948364258, 0.03133067488670349, 0.6859259605407715, 18.069660186767578, 24.88958740234375, 0.03133620694279671, 0.6858393549919128, 18.069618225097656, 24.89097785949707, 0.031354088336229324, 0.6856472492218018, 18.07002067565918, 24.892290115356445, 0.031393662095069885, 0.6856686472892761, 18.070449829101562, 24.89356231689453, 0.03138095512986183, 0.6857080459594727, 18.07381820678711, 24.894052505493164, 0.03142125532031059, 0.6857585906982422, 18.07647705078125, 24.8920955657959, 0.03139909729361534, 0.685811460018158, 18.075950622558594, 24.887683868408203, 0.03141849860548973, 0.6865940093994141, 18.07222557067871, 24.881868362426758, 0.031402360647916794, 0.687250554561615, 18.075641632080078, 24.876569747924805, 0.03136651590466499, 0.6873911619186401, 18.062255859375, 24.872188568115234, 0.03135550394654274, 0.6872266530990601, 18.04769515991211, 24.87034797668457, 0.03135351836681366, 0.6872098445892334, 18.045398712158203, 24.870206832885742]}