{"mean": [0.00029794807778671384, 0.00012551859254017472, 50.651004791259766, 1.336172342300415, 0.0003433651872910559, 0.002562963403761387, 50.63841247558594, 1.3120927810668945, 0.0003201661165803671, -0.0014908673474565148, 50.619850158691406, 1.2890180349349976, 0.0002976354444399476, 0.0018684964161366224, 50.608062744140625, 1.2706043720245361, 0.0002676183939911425, 0.0011684769997373223, 50.59199142456055, 1.2560280561447144, 0.0002064590371446684, 0.0012797273229807615, 50.585975646972656, 1.2455064058303833, 0.00021289555297698826, 0.0012615129817277193, 50.597599029541016, 1.2388354539871216, 0.00017328104877378792, -0.0002828882134053856, 50.6013298034668, 1.2330145835876465, 0.00016723420412745327, 0.00045902206329628825, 50.61432647705078, 1.2294657230377197, 0.00018355128122493625, -0.00014192819071467966, 50.61919021606445, 1.2258507013320923, 0.00017145054880529642, 0.0015248478157445788, 50.59438705444336, 1.2218339443206787, 0.00014742137864232063, 0.0018903292948380113, 50.580238342285156, 1.218471884727478, 0.0001886516547529027, 0.001717562205158174, 50.570499420166016, 1.215233325958252, 0.00018325400014873594, 0.0027166176587343216, 50.54303741455078, 1.210912823677063, 0.00017206274787895381, 0.0004304772592149675, 50.51883316040039, 1.2096887826919556, 0.00017741064948495477, 0.003923771902918816, 50.49838638305664, 1.2120963335037231, 6.46305998088792e-05, -4.741565135191195e-05, 50.48606491088867, 1.2182480096817017, 6.805991142755374e-05, 0.0007239950355142355, 50.489593505859375, 1.2293822765350342, 9.702035458758473e-05, 0.0009006449836306274, 50.48951721191406, 1.2395353317260742, 0.00015249193529598415, 0.0014243213227018714, 50.49420928955078, 1.2483359575271606, 0.00014795668539591134, -0.0005575849791057408, 50.48922348022461, 1.2567880153656006, 0.00015576359874103218, 0.0009199348278343678, 50.486995697021484, 1.268910527229309, 0.00012119672464905307, 1.2934395272168331e-05, 50.48268127441406, 1.28534734249115, 4.169631210970692e-05, 0.0031484924256801605, 50.49054718017578, 1.3077630996704102], "scale": [0.029103435575962067, 1.5349684953689575, 17.149572372436523, 20.464763641357422, 0.029154488816857338, 1.5383119583129883, 17.124176025390625, 20.444974899291992, 0.029155833646655083, 1.5420767068862915, 17.11968421936035, 20.427928924560547, 0.02914569526910782, 1.5423740148544312, 17.14453887939453, 20.41440200805664, 0.0291656032204628, 1.543238639831543, 17.161548614501953, 20.402851104736328, 0.029212960973381996, 1.546280026435852, 17.168167114257812, 20.393693923950195, 0.02920178882777691, 1.5463122129440308, 17.180747985839844, 20.387609481811523, 0.029227228835225105, 1.54777193069458, 17.191118240356445, 20.382099151611328, 0.029226863756775856, 1.547529935836792, 17.207239151000977, 20.37849235534668, 0.029230372980237007, 1.5505542755126953, 17.220989227294922, 20.37424087524414, 0.02922394499182701, 1.5566092729568481, 17.22006607055664, 20.368696212768555, 0.029211364686489105, 1.5560911893844604, 17.213184356689453, 20.361955642700195, 0.02916477993130684, 1.5580259561538696, 17.208940505981445, 20.3532772064209, 0.02916405163705349, 1.560716152191162, 17.194293975830078, 20.340049743652344, 0.02916853316128254, 1.5653228759765625, 17.180931091308594, 20.33034896850586, 0.029161328449845314, 1.5683844089508057, 17.169008255004883, 20.324689865112305, 0.028828976675868034, 1.5739680528640747, 17.158885955810547, 20.32236099243164, 0.028813285753130913, 1.574550747871399, 17.150341033935547, 20.320520401000977, 0.028830936178565025, 1.5749119520187378, 17.152177810668945, 20.321943283081055, 0.028760721907019615, 1.5760265588760376, 17.146400451660156, 20.324792861938477, 0.02875637263059616, 1.5766716003417969, 17.136703491210938, 20.331388473510742, 0.02874618209898472, 1.576188087463379, 17.134737014770508, 20.344032287597656, 0.02876328118145466, 1.5746883153915405, 17.14058494567871, 20.36329460144043, 0.028752703219652176, 1.573586106300354, 17.157270431518555, 20.38968276977539]}