{"mean": [-0.007891685701906681, 0.013557270169258118, 50.04603958129883], "scale": [0.10706387460231781, 0.006955656222999096, 16.219074249267578]}