{"mean": [0.029380902647972107, -0.003147953888401389, -0.0001378386514261365, -0.007891685701906681, 0.013557270169258118, 50.04603958129883, 0.003487383248284459, 0.00796843133866787, 0.03844883292913437, 0.6530919075012207], "scale": [0.5769054293632507, 0.5361932516098022, 0.015161275863647461, 0.10706387460231781, 0.006955656222999096, 16.219074249267578, 0.07162980735301971, 0.11842027306556702, 0.012559657916426659, 0.50481778383255]}