{"mean": [0.06260433793067932, -0.08430717885494232, 0.0002017854858422652, 0.012807128950953484, 0.014221267774701118, 51.77656936645508, 0.010934136807918549, 0.029408317059278488, 0.036306869238615036, 1.317805290222168], "scale": [0.5944264531135559, 0.5576041340827942, 0.01558041200041771, 0.10917210578918457, 0.0064741517417132854, 16.599205017089844, 0.07334692776203156, 0.12534581124782562, 0.016584036871790886, 0.29646748304367065]}