{"mean": [0.0010137171484529972, 0.0003046301135327667, 53.994632720947266, 7.012935638427734, 0.0010126398410648108, 0.00014335459854919463, 53.9912223815918, 7.016359329223633, 0.0010014805011451244, -0.00011213044490432367, 53.990779876708984, 7.020576477050781, 0.00101243588142097, -0.00039689260302111506, 53.99079895019531, 7.025679111480713, 0.0010015241568908095, -0.00031696833320893347, 53.986083984375, 7.030835151672363, 0.0010098268976435065, -0.00033987691858783364, 53.982261657714844, 7.036942958831787, 0.0010132764000445604, -0.0005510148475877941, 53.974334716796875, 7.043193817138672, 0.0009971822146326303, -0.0003435320104472339, 53.972049713134766, 7.050401210784912, 0.0010074442252516747, -0.0001814777060644701, 53.9766960144043, 7.058976173400879, 0.0010011885315179825, -0.0008137479890137911, 53.97941207885742, 7.067751407623291, 0.0009913422400131822, -0.0003706973511725664, 53.97982406616211, 7.077626705169678, 0.000986911472864449, -0.0006575367297045887, 53.98164749145508, 7.08810567855835, 0.0009987994562834501, -0.0002243281196570024, 53.983619689941406, 7.09840202331543, 0.0010109335416927934, -6.422842125175521e-05, 53.98847198486328, 7.108033180236816, 0.0010010508121922612, -7.630998879903927e-05, 53.99734115600586, 7.117809295654297, 0.0010113719617947936, -0.0002714256406761706, 54.007896423339844, 7.128509998321533, 0.0010021954076364636, -0.0005295503069646657, 54.0175895690918, 7.139378547668457, 0.0009938563453033566, -0.0008445180137641728, 54.02837371826172, 7.1512451171875, 0.0009871016955003142, -0.0005109804915264249, 54.044071197509766, 7.1635308265686035, 0.0009816589299589396, -0.0006495010457001626, 54.06289291381836, 7.174935340881348, 0.0010075834579765797, -0.00010345312330173329, 54.080413818359375, 7.184300422668457, 0.0010190398897975683, -0.00016592351312283427, 54.094940185546875, 7.190468788146973, 0.0010233564535155892, -0.000693079549819231, 54.10622787475586, 7.194902420043945, 0.0010082077933475375, -0.0005119018023833632, 54.11819076538086, 7.198192596435547], "scale": [0.02794775366783142, 0.551681399345398, 17.200780868530273, 22.1984920501709, 0.027947358787059784, 0.5516823530197144, 17.20176124572754, 22.196491241455078, 0.027948882430791855, 0.5516148209571838, 17.202043533325195, 22.19389533996582, 0.02794727124273777, 0.5515826940536499, 17.20203399658203, 22.190834045410156, 0.027950279414653778, 0.5515833497047424, 17.205732345581055, 22.18777847290039, 0.027952972799539566, 0.5515840649604797, 17.20891761779785, 22.184179306030273, 0.027951497584581375, 0.5518679022789001, 17.216032028198242, 22.18029022216797, 0.027940968051552773, 0.5521638989448547, 17.217891693115234, 22.175893783569336, 0.027942122891545296, 0.5521527528762817, 17.213102340698242, 22.170425415039062, 0.027946533635258675, 0.5524272918701172, 17.209735870361328, 22.165241241455078, 0.027946025133132935, 0.5528905987739563, 17.209320068359375, 22.160181045532227, 0.02794639952480793, 0.5533334016799927, 17.207809448242188, 22.15506935119629, 0.027952169999480247, 0.5538507103919983, 17.20673179626465, 22.150455474853516, 0.027942750602960587, 0.5538057088851929, 17.20376205444336, 22.14653968811035, 0.027943449094891548, 0.5538062453269958, 17.20058250427246, 22.143630981445312, 0.027939654886722565, 0.553907573223114, 17.19900131225586, 22.141185760498047, 0.02793523110449314, 0.5539017915725708, 17.19695281982422, 22.139570236206055, 0.027945708483457565, 0.5539107322692871, 17.19305992126465, 22.138572692871094, 0.027948420494794846, 0.5537026524543762, 17.19619369506836, 22.13936996459961, 0.02794678881764412, 0.5538057684898376, 17.20332145690918, 22.14042854309082, 0.027934420853853226, 0.5546349287033081, 17.2100887298584, 22.141103744506836, 0.027934839949011803, 0.5546226501464844, 17.217967987060547, 22.141666412353516, 0.02793288789689541, 0.5547316670417786, 17.225534439086914, 22.141883850097656, 0.02793383225798607, 0.554718554019928, 17.235971450805664, 22.141929626464844]}