{"mean": [-0.000155397952767089, 0.0005639609880745411, 50.0163459777832, 0.07339941710233688, -0.00013561559899244457, 0.0006588614778593183, 50.01962661743164, 0.06333640962839127, -0.00014299673784989864, 0.0012360301334410906, 50.01906204223633, 0.05130863934755325, -0.00011255552090005949, -0.0007351021049544215, 50.0189208984375, 0.03861619532108307, -0.00012641069770324975, -0.0007564453990198672, 50.008113861083984, 0.02461957558989525, -0.00013975874753668904, -0.0005460948450490832, 49.99903869628906, 0.011919903568923473, -0.0001250734640052542, 0.0005956138484179974, 49.99614715576172, -0.00040524755604565144, -0.00012614563456736505, -0.0004398366145323962, 49.9892463684082, -0.013417385518550873, -0.00013078952906653285, 0.0006542234332300723, 49.97392654418945, -0.025685595348477364, -0.00012626829266082495, -0.00013874539581593126, 49.954498291015625, -0.037106916308403015, -0.00012683308159466833, 0.0008539137779735029, 49.930789947509766, -0.04763460159301758, -0.00013445776130538434, 0.0009615952731110156, 49.91084289550781, -0.05637836828827858, -0.00014576275134459138, 0.000693603593390435, 49.89093780517578, -0.06311095505952835, -0.00013542064698413014, -0.0009130827384069562, 49.87051010131836, -0.06843902915716171, -0.00013967468112241477, 0.0005872469628229737, 49.8477668762207, -0.07247357815504074, -0.00014217570424079895, -5.555910320254043e-05, 49.82929992675781, -0.07405787706375122, -0.00014556334645021707, 0.0004937294870615005, 49.81270217895508, -0.07275322079658508, -0.0001601941476110369, -0.000234203806030564, 49.79581069946289, -0.06814045459032059, -0.000161513002240099, 0.0015164647484198213, 49.77922058105469, -0.06025544926524162, -0.000149951025377959, 0.0023809343110769987, 49.760982513427734, -0.049816690385341644, -0.00015233723388519138, 0.0008866735734045506, 49.746097564697266, -0.03614760935306549, -0.0002056198864011094, 0.0006015130202285945, 49.73162841796875, -0.01746920682489872, -0.00023072698968462646, 0.0006134873256087303, 49.726280212402344, 0.007515033707022667, -0.0002439083473291248, 0.0004148633743170649, 49.73579788208008, 0.03677273914217949], "scale": [0.022525066509842873, 1.0439947843551636, 17.118192672729492, 21.922122955322266, 0.022521652281284332, 1.0439534187316895, 17.1144962310791, 21.922298431396484, 0.022531209513545036, 1.0441209077835083, 17.11516571044922, 21.92044448852539, 0.022534454241394997, 1.0426859855651855, 17.115318298339844, 21.91581153869629, 0.02254430577158928, 1.042686939239502, 17.128658294677734, 21.90860939025879, 0.02254607528448105, 1.0425910949707031, 17.136178970336914, 21.899547576904297, 0.022527091205120087, 1.0430574417114258, 17.13823127746582, 21.8885555267334, 0.022527659311890602, 1.043082594871521, 17.138227462768555, 21.874263763427734, 0.022526541724801064, 1.0442354679107666, 17.130109786987305, 21.859413146972656, 0.022529931738972664, 1.04491126537323, 17.12346649169922, 21.844621658325195, 0.022530755028128624, 1.0450855493545532, 17.120054244995117, 21.829803466796875, 0.02253575436770916, 1.0451204776763916, 17.09941864013672, 21.815738677978516, 0.022527415305376053, 1.0453613996505737, 17.074581146240234, 21.804431915283203, 0.022528722882270813, 1.0460368394851685, 17.050527572631836, 21.79549789428711, 0.02252776548266411, 1.0474196672439575, 17.022520065307617, 21.788583755493164, 0.02252814918756485, 1.0479345321655273, 16.996150970458984, 21.785802841186523, 0.022531289607286453, 1.0480268001556396, 16.97190284729004, 21.788185119628906, 0.022532222792506218, 1.0480419397354126, 16.9420223236084, 21.796947479248047, 0.02253134548664093, 1.04944908618927, 16.912622451782227, 21.81161880493164, 0.022533655166625977, 1.0493801832199097, 16.884061813354492, 21.830120086669922, 0.022531474009156227, 1.0512025356292725, 16.86406707763672, 21.85335350036621, 0.022435950115323067, 1.050946593284607, 16.847558975219727, 21.883371353149414, 0.022445352748036385, 1.0509452819824219, 16.842302322387695, 21.921794891357422, 0.022441990673542023, 1.0511053800582886, 16.84916877746582, 21.967586517333984]}