{"mean": [0.017985612154006958, 0.019184652715921402, -3.0139546652208082e-05, 0.0019969316199421883, 0.01148987002670765, 50.385921478271484, -0.000562666158657521, -0.0021032211370766163, 0.027406703680753708, 0.6442312002182007], "scale": [0.42512547969818115, 0.5144122838973999, 0.012249472551047802, 0.07918056100606918, 0.0045857480727136135, 16.502140045166016, 0.05743202939629555, 0.0884748324751854, 0.012232612818479538, 0.3822203278541565]}