{"mean": [0.0019969316199421883, 0.01148987002670765, 50.385921478271484], "scale": [0.07918056100606918, 0.0045857480727136135, 16.502140045166016]}