{"mean": [0.00026014912873506546, 0.00024665650562383235, 51.51066970825195, 2.681318759918213, 0.0002487693272996694, 0.00020526343723759055, 51.51139450073242, 2.6831183433532715, 0.00024143222253769636, 0.00014756739255972207, 51.513397216796875, 2.685344696044922, 0.00026354548754170537, -0.0002039952523773536, 51.516578674316406, 2.687100887298584, 0.0002444368728902191, -3.7258512747939676e-05, 51.512550354003906, 2.6870524883270264, 0.00025277314125560224, -0.00026603619335219264, 51.511260986328125, 2.6869654655456543, 0.0002670112007763237, 5.3292522352421656e-05, 51.50672912597656, 2.685209274291992, 0.0002677191805560142, 0.0004359340528026223, 51.50667953491211, 2.6820778846740723, 0.00026660822913981974, 3.825073508778587e-05, 51.50600814819336, 2.678985834121704, 0.0002681580081116408, 3.409596683923155e-05, 51.50495147705078, 2.676424741744995, 0.0002532325452193618, -0.00022493849974125624, 51.500579833984375, 2.6744468212127686, 0.0002455306821502745, 0.00018358489614911377, 51.49960708618164, 2.6733310222625732, 0.0002586178597994149, 0.00038918261998333037, 51.498104095458984, 2.6718971729278564, 0.00025400551385246217, 0.00020606040197890252, 51.495704650878906, 2.669156312942505, 0.0002564312017057091, 0.0002837950305547565, 51.4964485168457, 2.6670103073120117, 0.0002546977484598756, 0.00045747222611680627, 51.4991340637207, 2.665123462677002, 0.00025096500758081675, 0.00014410854782909155, 51.504173278808594, 2.663738965988159, 0.00024168862728402019, -0.00021648277470376343, 51.508148193359375, 2.6626343727111816, 0.0002411226014373824, 0.0003698484506458044, 51.51597213745117, 2.6613337993621826, 0.00023906477144919336, -0.0004546999407466501, 51.519203186035156, 2.658967971801758, 0.0002596041886135936, 8.194728434318677e-05, 51.519371032714844, 2.6553149223327637, 0.00026142835849896073, 8.667477959534153e-05, 51.5145149230957, 2.6500306129455566, 0.000257652485743165, -0.0004720314755104482, 51.50959396362305, 2.6449711322784424, 0.0002446365833748132, -2.2698573957313783e-05, 51.50727844238281, 2.6402902603149414], "scale": [0.023777993395924568, 0.6283060312271118, 14.590991973876953, 15.479393005371094, 0.023782208561897278, 0.6283190250396729, 14.589898109436035, 15.477375030517578, 0.023776141926646233, 0.6283394694328308, 14.587638854980469, 15.47494125366211, 0.023779230192303658, 0.6282236576080322, 14.583762168884277, 15.473054885864258, 0.023796934634447098, 0.6282401084899902, 14.59023666381836, 15.47309684753418, 0.023798491805791855, 0.6284649968147278, 14.592140197753906, 15.473150253295898, 0.023788129910826683, 0.6285820603370667, 14.600497245788574, 15.47392749786377, 0.023787520825862885, 0.6289153099060059, 14.600560188293457, 15.474408149719238, 0.023787666112184525, 0.6292088627815247, 14.601008415222168, 15.474213600158691, 0.02378775365650654, 0.629203200340271, 14.601816177368164, 15.473716735839844, 0.023801317438483238, 0.6292749047279358, 14.6055326461792, 15.473028182983398, 0.023800687864422798, 0.6286334991455078, 14.605672836303711, 15.472440719604492, 0.023788128048181534, 0.6289458870887756, 14.605952262878418, 15.471518516540527, 0.02378845028579235, 0.6292343735694885, 14.605134010314941, 15.469318389892578, 0.023788828402757645, 0.6293132901191711, 14.60549259185791, 15.467636108398438, 0.023787934333086014, 0.6294164657592773, 14.606648445129395, 15.466209411621094, 0.023785633966326714, 0.6293471455574036, 14.606782913208008, 15.46518325805664, 0.023792188614606857, 0.6294488906860352, 14.605757713317871, 15.464296340942383, 0.0237923301756382, 0.6293236017227173, 14.60627555847168, 15.463041305541992, 0.023793598636984825, 0.6295932531356812, 14.607196807861328, 15.460490226745605, 0.023801537230610847, 0.6291836500167847, 14.60731029510498, 15.456310272216797, 0.023802444338798523, 0.629188597202301, 14.60218334197998, 15.450475692749023, 0.023803969845175743, 0.6291421055793762, 14.597163200378418, 15.445109367370605, 0.023808682337403297, 0.6290680170059204, 14.594548225402832, 15.440079689025879]}