{"mean": [0.02086811326444149, -0.023789649829268456, 0.0002017854858422652, 0.012807128950953484, 0.014221267774701118, 51.77656936645508, 0.002980475779622793, 0.007594984956085682, 0.03270908072590828, 1.1655281782150269], "scale": [0.49156343936920166, 0.5294514894485474, 0.01558041200041771, 0.10917210578918457, 0.0064741517417132854, 16.599205017089844, 0.05082961544394493, 0.07522442191839218, 0.014477123506367207, 0.22219204902648926]}