{"mean": [-0.006853582337498665, 0.01806853525340557, -0.0001417134772054851, -0.005698084831237793, 0.011220164597034454, 50.0113525390625, -0.001628853497095406, -0.00409952225163579, 0.026271242648363113, 0.835569441318512], "scale": [0.3842090368270874, 0.5178893208503723, 0.0120324045419693, 0.0758419781923294, 0.004378421697765589, 16.647750854492188, 0.03593329340219498, 0.05428421497344971, 0.009245448745787144, 0.2619245648384094]}