{"mean": [-0.00023575116938445717, 0.0004988992586731911, 50.120147705078125, -0.27904292941093445, -0.00024061770818661898, 0.001286814920604229, 50.12942886352539, -0.2755509614944458, -0.00023188695195131004, 0.0003882102610077709, 50.14025115966797, -0.2730371356010437, -0.00023335272271651775, 0.0004264851741027087, 50.147544860839844, -0.2722657322883606, -0.0002243638737127185, 0.0006078307051211596, 50.15519714355469, -0.27374470233917236, -0.00022003294725436717, 0.0021038283593952656, 50.164024353027344, -0.2783622741699219, -0.0001621903502382338, 0.0009459133725613356, 50.16707229614258, -0.2864876389503479, -0.00015647585678379983, 0.0008023823611438274, 50.15950012207031, -0.29822593927383423, -0.00014020191156305373, 0.000546033785212785, 50.148441314697266, -0.31052979826927185, -0.0001553104812046513, -0.00022858272131998092, 50.1332893371582, -0.3232332170009613, -0.00015305294073186815, 0.00041749869706109166, 50.12126541137695, -0.33526256680488586, -0.0001492401206633076, -0.0003423707385081798, 50.10107421875, -0.3476159870624542, -0.00015662546502426267, 0.0005368378479033709, 50.08304214477539, -0.3593510687351227, -0.00017422657401766628, 0.000778660352807492, 50.06570816040039, -0.3694690465927124, -0.0001597979135112837, -0.00019592585158534348, 50.046180725097656, -0.37793266773223877, -0.00016184060950763524, -0.00028033502167090774, 50.022682189941406, -0.3858523666858673, -0.000172688378370367, -0.00014121094136498868, 49.99571990966797, -0.39207735657691956, -0.00017428745923098177, 0.0006730197928845882, 49.968910217285156, -0.39627549052238464, -0.00015316574717871845, 0.00027663461514748633, 49.93852615356445, -0.39934438467025757, -0.00014989504416007549, 0.000511441205162555, 49.91644287109375, -0.4011886715888977, -0.00017414036847185344, 0.00015691641601733863, 49.903724670410156, -0.39944586157798767, -0.00019214222265873104, 8.812203304842114e-05, 49.902462005615234, -0.39286646246910095, -0.00019955240713898093, 0.0013613550690934062, 49.90626525878906, -0.38244783878326416, -0.00021329268929548562, 0.0012253096792846918, 49.909889221191406, -0.36897942423820496], "scale": [0.017743896692991257, 0.625583827495575, 14.584314346313477, 16.494050979614258, 0.017743954434990883, 0.6259980797767639, 14.576774597167969, 16.491104125976562, 0.017735304310917854, 0.6268617510795593, 14.569612503051758, 16.489259719848633, 0.017735455185174942, 0.6268319487571716, 14.564279556274414, 16.488786697387695, 0.01773281767964363, 0.6266223788261414, 14.559228897094727, 16.489561080932617, 0.017736392095685005, 0.6277042031288147, 14.552590370178223, 16.491527557373047, 0.017555352300405502, 0.6258641481399536, 14.548471450805664, 16.494007110595703, 0.017551705241203308, 0.6259231567382812, 14.553437232971191, 16.494415283203125, 0.017523735761642456, 0.6258803606033325, 14.557034492492676, 16.493825912475586, 0.01751456782221794, 0.6262924671173096, 14.554784774780273, 16.49273109436035, 0.017516715452075005, 0.6264062523841858, 14.550108909606934, 16.493350982666016, 0.017518889158964157, 0.6258842945098877, 14.551974296569824, 16.495525360107422, 0.017513638362288475, 0.6249387860298157, 14.558236122131348, 16.498064041137695, 0.01750354841351509, 0.6249668002128601, 14.573160171508789, 16.500032424926758, 0.017485279589891434, 0.6249905824661255, 14.591279029846191, 16.500911712646484, 0.017484575510025024, 0.6249846816062927, 14.605782508850098, 16.50048828125, 0.01749219000339508, 0.6249642968177795, 14.625394821166992, 16.499736785888672, 0.017492016777396202, 0.6250754594802856, 14.638988494873047, 16.498764038085938, 0.017472736537456512, 0.625186562538147, 14.65526294708252, 16.49787712097168, 0.01746915467083454, 0.6251489520072937, 14.651206970214844, 16.497220993041992, 0.017445936799049377, 0.6252447366714478, 14.646376609802246, 16.497831344604492, 0.017430828884243965, 0.6251296997070312, 14.6458740234375, 16.499143600463867, 0.01743098720908165, 0.6242387890815735, 14.646697998046875, 16.5001220703125, 0.017414065077900887, 0.6243465542793274, 14.647537231445312, 16.500694274902344]}