{"mean": [-0.005698084831237793, 0.011220164597034454, 50.0113525390625], "scale": [0.0758419781923294, 0.004378421697765589, 16.647750854492188]}