{"mean": [0.017529215663671494, -0.023372286930680275, 0.0002017854858422652, 0.012807128950953484, 0.014221267774701118, 51.77656936645508, 0.0007684832089580595, 0.0019794858526438475, 0.03213471174240112, 1.1739475727081299], "scale": [0.5181447863578796, 0.5243212580680847, 0.01558041200041771, 0.10917210578918457, 0.0064741517417132854, 16.599205017089844, 0.05013153329491615, 0.07446879148483276, 0.01153386291116476, 0.23103059828281403]}