{"mean": [0.012807128950953484, 0.014221267774701118, 51.77656936645508], "scale": [0.10917210578918457, 0.0064741517417132854, 16.599205017089844]}