{"mean": [2.13643979805056e-05, -0.00026081837131641805, 50.77729797363281, 1.2598870992660522, 1.1281662409601267e-05, -0.0004144784470554441, 50.77634048461914, 1.2619603872299194, 2.4842103812261485e-05, -0.00042568318895064294, 50.7799072265625, 1.2639634609222412, 4.022577195428312e-05, -3.066703720833175e-05, 50.78060531616211, 1.2649470567703247, 3.632164225564338e-05, -0.0005872754263691604, 50.77571105957031, 1.2658518552780151, 4.012852150481194e-05, -0.00014336146705318242, 50.77300262451172, 1.2678686380386353, 5.4029365855967626e-05, -0.00019990016880910844, 50.770442962646484, 1.2709022760391235, 2.443585435685236e-05, -0.00016094515740405768, 50.769866943359375, 1.2752846479415894, 2.130185384885408e-05, -0.0003390989440958947, 50.77317810058594, 1.2830547094345093, 2.1900612409808673e-05, -0.000635565840639174, 50.7725715637207, 1.2919185161590576, 5.521558250620728e-06, -0.00034937725285999477, 50.77133560180664, 1.3019435405731201, -3.7055474422231782e-06, -0.0006128533859737217, 50.773590087890625, 1.313597559928894, 5.284641702019144e-06, -0.00027160721947439015, 50.7782096862793, 1.3254281282424927, 8.469796739518642e-06, -0.0003379824629519135, 50.78029251098633, 1.3363807201385498, 1.865551166702062e-05, -0.0003698156215250492, 50.786827087402344, 1.3466557264328003, 3.095300780842081e-05, -0.0004874060396105051, 50.79286193847656, 1.3565101623535156, 3.136580198770389e-05, -0.0002962130820378661, 50.797359466552734, 1.3665704727172852, 1.8887320038629696e-05, -0.0004680053680203855, 50.80105209350586, 1.3778131008148193, 2.1993337213643827e-05, -0.0005403453833423555, 50.80756378173828, 1.3907158374786377, 1.4467254914052319e-05, -0.0007894723094068468, 50.815032958984375, 1.4039534330368042, 3.6978748539695516e-05, 0.00011282798368483782, 50.82224655151367, 1.4180988073349, 2.975131974380929e-05, -0.0003464620094746351, 50.82712936401367, 1.4318569898605347, 1.866881939349696e-05, -0.0007252896903082728, 50.83329391479492, 1.4468804597854614, 1.8177817764808424e-05, -0.00030902770231477916, 50.843017578125, 1.4625276327133179], "scale": [0.022761346772313118, 0.5737848281860352, 15.405660629272461, 17.37959861755371, 0.022766388952732086, 0.5738542079925537, 15.40563678741455, 17.380571365356445, 0.02277066744863987, 0.5738525986671448, 15.406474113464355, 17.381547927856445, 0.02278049662709236, 0.5740353465080261, 15.40662956237793, 17.381996154785156, 0.022780459374189377, 0.5738344192504883, 15.407624244689941, 17.382410049438477, 0.02278309315443039, 0.5736054182052612, 15.408501625061035, 17.383373260498047, 0.022778401151299477, 0.5736454129219055, 15.411166191101074, 17.384979248046875, 0.022779429331421852, 0.5736907124519348, 15.411569595336914, 17.387887954711914, 0.022781003266572952, 0.573583722114563, 15.409889221191406, 17.393827438354492, 0.02278086543083191, 0.5737406611442566, 15.409920692443848, 17.401891708374023, 0.022788390517234802, 0.5737898349761963, 15.40986442565918, 17.412059783935547, 0.0227906983345747, 0.5740029811859131, 15.411006927490234, 17.425067901611328, 0.02279813587665558, 0.5742388963699341, 15.413148880004883, 17.438941955566406, 0.022796690464019775, 0.5743048191070557, 15.413416862487793, 17.45208168029785, 0.022800812497735023, 0.5742787718772888, 15.4158296585083, 17.46552085876465, 0.022805919870734215, 0.5742321014404297, 15.418292999267578, 17.479000091552734, 0.022805919870734215, 0.574187695980072, 15.419929504394531, 17.493793487548828, 0.0228156428784132, 0.5741580724716187, 15.422388076782227, 17.512001037597656, 0.02281516045331955, 0.5741732716560364, 15.4293851852417, 17.53544044494629, 0.022825418040156364, 0.5742576122283936, 15.435425758361816, 17.560901641845703, 0.022838370874524117, 0.5735716223716736, 15.447482109069824, 17.589717864990234, 0.02283155731856823, 0.5732021927833557, 15.45613956451416, 17.61585807800293, 0.022826116532087326, 0.5731595158576965, 15.466622352600098, 17.641883850097656, 0.022826116532087326, 0.5730882287025452, 15.480973243713379, 17.667312622070312]}