{"mean": [0.0003052472893614322, 0.0003475294215604663, 51.959129333496094, 3.2880699634552, 0.0002967184700537473, 0.00039315849426202476, 51.96528244018555, 3.2937533855438232, 0.0002921659906860441, 0.0007632061606273055, 51.97307205200195, 3.3000941276550293, 0.00030176929431036115, 0.0001211348208016716, 51.980655670166016, 3.3061699867248535, 0.00029382877983152866, -2.280049375258386e-05, 51.981666564941406, 3.311314344406128, 0.00029517788789235055, 0.00012161974154878408, 51.98572540283203, 3.316481828689575, 0.00030491166398860514, 0.00022071112471166998, 51.99074935913086, 3.32074236869812, 0.0003018489805981517, 0.00017316892626695335, 51.995601654052734, 3.32397723197937, 0.0003082618350163102, 0.0004224544973112643, 51.99852752685547, 3.3270604610443115, 0.0003022201417479664, 1.5131320651562419e-05, 52.0013542175293, 3.3294668197631836, 0.00030565739143639803, -0.00016755773685872555, 52.005977630615234, 3.331845283508301, 0.0003007027553394437, -0.000226195203140378, 52.00968551635742, 3.3333747386932373, 0.0003106136282440275, 0.00012008681369479746, 52.01549530029297, 3.3342926502227783, 0.0003130897239316255, 0.00017586775356903672, 52.020450592041016, 3.3337526321411133, 0.00031666256836615503, -7.088258280418813e-05, 52.02760314941406, 3.3326992988586426, 0.00031661897082813084, -0.00034231640165671706, 52.03255081176758, 3.3313937187194824, 0.0003148471296299249, 7.52808409743011e-06, 52.03972244262695, 3.330197811126709, 0.00029926924617029727, -0.00010742960148490965, 52.0485725402832, 3.3290936946868896, 0.00030326101114042103, 0.00020168644550722092, 52.06192398071289, 3.327843427658081, 0.00031055809813551605, -0.0005559464916586876, 52.068153381347656, 3.3242104053497314, 0.00032054033363237977, 0.00012084401532774791, 52.06958770751953, 3.3180696964263916, 0.0003126362571492791, -0.00016924101510085166, 52.06813430786133, 3.3101980686187744, 0.00031834703986532986, -0.00038824652438052, 52.07041549682617, 3.301772356033325, 0.0003178191545885056, -0.00011160412395838648, 52.07014846801758, 3.2917206287384033], "scale": [0.021045716479420662, 0.5818873047828674, 14.798392295837402, 16.577850341796875, 0.02104620262980461, 0.5819029211997986, 14.787544250488281, 16.57108497619629, 0.02104588970541954, 0.5819070935249329, 14.778017044067383, 16.563791275024414, 0.021048977971076965, 0.5818812251091003, 14.771796226501465, 16.557174682617188, 0.02105109393596649, 0.5819898843765259, 14.770527839660645, 16.552019119262695, 0.02105075865983963, 0.5819136500358582, 14.765547752380371, 16.547780990600586, 0.021052053198218346, 0.5819733738899231, 14.758477210998535, 16.54507827758789, 0.021056385710835457, 0.5819537043571472, 14.751300811767578, 16.5436954498291, 0.021053962409496307, 0.5821338295936584, 14.748985290527344, 16.543254852294922, 0.021056173369288445, 0.5823003053665161, 14.746770858764648, 16.543289184570312, 0.021054886281490326, 0.5822600722312927, 14.744007110595703, 16.54360580444336, 0.021056054159998894, 0.5823317170143127, 14.74364948272705, 16.543947219848633, 0.0210536178201437, 0.5826094746589661, 14.745413780212402, 16.54421615600586, 0.021052410826086998, 0.5825538635253906, 14.748092651367188, 16.544050216674805, 0.021053414791822433, 0.5823843479156494, 14.75317668914795, 16.543718338012695, 0.021053381264209747, 0.5825037956237793, 14.755352020263672, 16.54343605041504, 0.021052008494734764, 0.5829755663871765, 14.755492210388184, 16.543272018432617, 0.021065281704068184, 0.5830544829368591, 14.753259658813477, 16.543088912963867, 0.021064983680844307, 0.5830447673797607, 14.756765365600586, 16.542659759521484, 0.021058188751339912, 0.5835063457489014, 14.758210182189941, 16.541086196899414, 0.02105736918747425, 0.5836666226387024, 14.759456634521484, 16.537853240966797, 0.021053940057754517, 0.5833805203437805, 14.757848739624023, 16.534204483032227, 0.021051986142992973, 0.583505392074585, 14.760591506958008, 16.531234741210938, 0.02105197124183178, 0.583223283290863, 14.76025390625, 16.52832794189453]}