{"mean": [0.02086811326444149, -0.03171953186392784, 0.0002017854858422652, 0.012807128950953484, 0.014221267774701118, 51.77656936645508, 0.003400605171918869, 0.009015947580337524, 0.028849836438894272, 1.071193814277649], "scale": [0.4545065462589264, 0.5418963432312012, 0.01558041200041771, 0.10917210578918457, 0.0064741517417132854, 16.599205017089844, 0.04828522354364395, 0.07507279515266418, 0.013034769333899021, 0.1711309403181076]}