{"mean": [0.01050558127462864, -0.01772816851735115, -0.00015826837625354528, -0.007291003596037626, 0.010923286899924278, 49.75220489501953, 0.0007852537673898041, 0.0029964239802211523, 0.021001659333705902, 0.8609244227409363], "scale": [0.3178142011165619, 0.5279585123062134, 0.01163420733064413, 0.07647836208343506, 0.004219705238938332, 16.526254653930664, 0.030790021643042564, 0.048834070563316345, 0.006199032533913851, 0.1606987863779068]}