{"mean": [-0.007291003596037626, 0.010923286899924278, 49.75220489501953], "scale": [0.07647836208343506, 0.004219705238938332, 16.526254653930664]}