{"mean": [4.3876905692741275e-05, 0.00010430625115986913, 50.78205871582031, 1.709441065788269, 4.224101212457754e-05, -0.0008951196796260774, 50.804527282714844, 1.7386058568954468, 3.7658552173525095e-05, -0.0012182339560240507, 50.82389450073242, 1.76774263381958, 3.7557740142801777e-05, -0.0005355470930226147, 50.84711456298828, 1.7964601516723633, 7.125650881789625e-05, 0.00028017887962050736, 50.87715530395508, 1.8238561153411865, 5.906839214731008e-05, -0.0005597304552793503, 50.897422790527344, 1.8493672609329224, 4.859108230448328e-05, -0.0009540923056192696, 50.92396926879883, 1.8756688833236694, 6.799204857088625e-05, -0.0005769385024905205, 50.950538635253906, 1.9011510610580444, 5.793378659291193e-05, -0.0003703523543663323, 50.969207763671875, 1.923969030380249, 7.570976595161483e-05, 0.0009113631676882505, 50.99342727661133, 1.945561408996582, 7.631588960066438e-05, 0.0007683562580496073, 51.00923156738281, 1.963952898979187, 9.24643172766082e-05, -0.0008554923697374761, 51.0323371887207, 1.9802308082580566, 0.00011229951633140445, -0.0001906495017465204, 51.050025939941406, 1.9940820932388306, 0.00011404517863411456, 0.0004079451027791947, 51.05830764770508, 2.0057730674743652, 0.00011852230090880767, -0.0001298215938732028, 51.06698989868164, 2.0168957710266113, 0.0001054807216860354, -0.0006238033529371023, 51.07850646972656, 2.027177572250366, 0.00011255790013819933, -0.0006239180220291018, 51.09739303588867, 2.0367441177368164, 0.0001383657072437927, 0.000648312852717936, 51.11453628540039, 2.042921781539917, 0.0001351253449684009, -0.0009074407862499356, 51.112056732177734, 2.0459368228912354, 0.00014096530503593385, -0.00023778995091561228, 51.1170654296875, 2.0484795570373535, 0.0001325290068052709, 0.0007152402540668845, 51.122711181640625, 2.050421953201294, 0.00013040940393693745, 0.0008800883078947663, 51.12862777709961, 2.0522310733795166, 0.00013774132821708918, -0.00021457789989653975, 51.13236618041992, 2.0530879497528076, 0.0001252788060810417, -0.00024224419030360878, 51.13277816772461, 2.0533103942871094], "scale": [0.014735021628439426, 0.5691682696342468, 14.583656311035156, 17.67560577392578, 0.014734332449734211, 0.5684269070625305, 14.588754653930664, 17.6851749420166, 0.014730890281498432, 0.5686531066894531, 14.585097312927246, 17.69179344177246, 0.014730820432305336, 0.5684989094734192, 14.578277587890625, 17.695772171020508, 0.014736662618815899, 0.5691380500793457, 14.564793586730957, 17.69843864440918, 0.014739875681698322, 0.5701449513435364, 14.560714721679688, 17.70111846923828, 0.014741749502718449, 0.5695164799690247, 14.555570602416992, 17.704730987548828, 0.014760704711079597, 0.5695433020591736, 14.55669116973877, 17.70819091796875, 0.014764503575861454, 0.5692766904830933, 14.562469482421875, 17.710359573364258, 0.014771988615393639, 0.5677027702331543, 14.568822860717773, 17.713172912597656, 0.014772462658584118, 0.5675334334373474, 14.573022842407227, 17.71526336669922, 0.014748303219676018, 0.5665674805641174, 14.571846008300781, 17.71756935119629, 0.014748534187674522, 0.5677245855331421, 14.581544876098633, 17.720958709716797, 0.014747723005712032, 0.5676624178886414, 14.586658477783203, 17.723796844482422, 0.014746660366654396, 0.5682870149612427, 14.590950012207031, 17.72663688659668, 0.014756808988749981, 0.5686711072921753, 14.594983100891113, 17.728940963745117, 0.014761820435523987, 0.5686711072921753, 14.601583480834961, 17.73053550720215, 0.014779610559344292, 0.5705072283744812, 14.60201358795166, 17.73042869567871, 0.014777821488678455, 0.5735338926315308, 14.602803230285645, 17.729887008666992, 0.014777041040360928, 0.5737696886062622, 14.601714134216309, 17.729209899902344, 0.01477443240582943, 0.5750319957733154, 14.601581573486328, 17.72857093811035, 0.014771600253880024, 0.5751863718032837, 14.602158546447754, 17.727840423583984, 0.014766059815883636, 0.5773336887359619, 14.601015090942383, 17.7274169921875, 0.01476288866251707, 0.5773465633392334, 14.601059913635254, 17.727325439453125]}