{"mean": [-0.010659560561180115, 0.047968022525310516, -0.00018799788085743785, -0.008690682239830494, 0.010928698815405369, 49.55622482299805, -0.003452922683209181, -0.006756088230758905, 0.0256747268140316, 0.7820393443107605], "scale": [0.3997246325016022, 0.541758120059967, 0.011669257655739784, 0.07637040317058563, 0.004249853082001209, 16.416736602783203, 0.040918972343206406, 0.06393852829933167, 0.008509747684001923, 0.2403639703989029]}