{"mean": [-0.00048240841715596616, 0.0007003953214734793, 49.4973030090332, -1.108720302581787, -0.00045217573642730713, -0.0004608027229551226, 49.53330612182617, -1.0424891710281372, -0.0004410951805766672, -0.0005200964515097439, 49.564056396484375, -0.9787675738334656, -0.00043014666880480945, -0.0011868916917592287, 49.59920120239258, -0.9172171950340271, -0.000419743824750185, -0.0005133362719789147, 49.634830474853516, -0.8580290675163269, -0.00039649911923334, -0.0006002848385833204, 49.67057800292969, -0.8013172745704651, -0.00036978189018554986, 0.0002462418342474848, 49.70395278930664, -0.7471930384635925, -0.0003823595179710537, 0.00023250366211868823, 49.733131408691406, -0.6941916942596436, -0.0003882790624629706, 0.0002383994433330372, 49.77024841308594, -0.6399866938591003, -0.0003596888855099678, 0.0005387184792198241, 49.81180953979492, -0.5865049362182617, -0.00034299283288419247, -0.0002930761256720871, 49.844478607177734, -0.5361167192459106, -0.00032006073161028326, -0.00034033512929454446, 49.88043212890625, -0.48720964789390564, -0.00030435348162427545, -0.0007328909123316407, 49.912662506103516, -0.44212406873703003, -0.00028962231590412557, 8.861903188517317e-05, 49.94546890258789, -0.3997316360473633, -0.00032377082970924675, 0.00015753040497656912, 49.97220230102539, -0.3589935898780823, -0.0003275510389357805, 0.00022221576364245266, 50.01264190673828, -0.31791630387306213, -0.0002881452383007854, 0.0003139436012133956, 50.05077362060547, -0.28133440017700195, -0.0002773824380710721, 2.9259170332807116e-05, 50.08497619628906, -0.25110211968421936, -0.0002647909859661013, -0.0006776876398362219, 50.11819839477539, -0.22477196156978607, -0.000255633145570755, -0.0005510317860171199, 50.153751373291016, -0.2022973597049713, -0.00024338180082850158, -0.0014665492344647646, 50.187198638916016, -0.18480157852172852, -0.00022366819030139595, 7.150619785534218e-05, 50.217002868652344, -0.17299021780490875, -0.00021124571503605694, 0.0007803808548487723, 50.230873107910156, -0.1683119833469391, -0.00022946727403905243, 9.793031495064497e-05, 50.24421691894531, -0.16509361565113068], "scale": [0.018127040937542915, 0.6500270962715149, 15.731742858886719, 18.888269424438477, 0.018084567040205002, 0.649787187576294, 15.746702194213867, 18.929868698120117, 0.018082723021507263, 0.6497790217399597, 15.77010726928711, 18.97170066833496, 0.01808793656527996, 0.6500020027160645, 15.79026985168457, 19.008699417114258, 0.01809719204902649, 0.6501246690750122, 15.807034492492676, 19.039155960083008, 0.01811506599187851, 0.6500149965286255, 15.81275749206543, 19.063331604003906, 0.01812795363366604, 0.6503995656967163, 15.812081336975098, 19.083940505981445, 0.018126128241419792, 0.6504102349281311, 15.803893089294434, 19.104969024658203, 0.018127446994185448, 0.6504106521606445, 15.8049898147583, 19.1314640045166, 0.018125196918845177, 0.6504200100898743, 15.811262130737305, 19.16259002685547, 0.01810242235660553, 0.6511624455451965, 15.819421768188477, 19.193817138671875, 0.018101470544934273, 0.6511433720588684, 15.843206405639648, 19.228025436401367, 0.018102586269378662, 0.6513357758522034, 15.862669944763184, 19.25518035888672, 0.018108930438756943, 0.6516714692115784, 15.880250930786133, 19.276411056518555, 0.01806698739528656, 0.6517033576965332, 15.88682746887207, 19.292688369750977, 0.018065927550196648, 0.6516749262809753, 15.88271713256836, 19.30711555480957, 0.01802661083638668, 0.6517202258110046, 15.877769470214844, 19.321666717529297, 0.01802307367324829, 0.6516967415809631, 15.87221622467041, 19.336660385131836, 0.018012715503573418, 0.6507707238197327, 15.86691665649414, 19.351919174194336, 0.018009353429079056, 0.6505582332611084, 15.871585845947266, 19.366783142089844, 0.018001990392804146, 0.6512489318847656, 15.874939918518066, 19.377872467041016, 0.018025783821940422, 0.6548243761062622, 15.886792182922363, 19.384281158447266, 0.018020834773778915, 0.6545425653457642, 15.881834030151367, 19.3857421875, 0.01801074855029583, 0.6546328067779541, 15.875397682189941, 19.38685417175293]}