{"mean": [-0.008690682239830494, 0.010928698815405369, 49.55622482299805], "scale": [0.07637040317058563, 0.004249853082001209, 16.416736602783203]}