{"mean": [-9.431121179737021e-05, -8.18005608772001e-05, -7.175773333662256e-05, -6.091861387965692e-05, -6.005241014968665e-05, -5.215395275919e-05, -3.678014009151864e-05, -3.791527034135695e-05, -3.3517183175119554e-05, -3.644849936629166e-05, -4.047435004543938e-05, -2.6820193487544828e-05, -3.7730800157280176e-05, -3.746721989096929e-05, -4.195244309527985e-05, -4.363373204171146e-05, -2.8478794950888117e-05, -3.0319186747392167e-05, -2.701357033803574e-05, 5.388163015972997e-07, 1.9834408075456537e-05, 3.3847852685528186e-05, 2.18534628610093e-05, 1.837602698489908e-05, -0.00024927489798914204, 4.758865355744259e-05, 0.00024140590417042195, 0.00025399535864503497, 4.4833445681636415e-05, 0.00014531610730778542, 0.00046802569108926297, 0.00018731735747682637, 0.00024311260145264615, 0.0004554137284745859, 0.00014161374997013362, 0.0001543652196429651, 9.329201139389077e-05, 0.00036649696415362533, 0.00010305522790759963, -4.811691336067851e-05, 0.00022879734357171176, 9.946221593296169e-05, 0.00027628061712481724, -0.00015862808001499052, -6.935705353903663e-05, 0.000431535133128943, -5.144306758711656e-05, 0.0004406635698061659], "scale": [0.025127764163854007, 0.02514275573888365, 0.02514890980928723, 0.025146993391562022, 0.025146825982847437, 0.025152364819392134, 0.025169173977417244, 0.02516881322101971, 0.02516819813429901, 0.025169835349121494, 0.02516970326839413, 0.025187946729461477, 0.025196851271053193, 0.02519661410093665, 0.02519335308296306, 0.025194212526290595, 0.025215651663833223, 0.025215790409614806, 0.02521718214643524, 0.025250693639562984, 0.025268437566873827, 0.025283315171747707, 0.02530132494415087, 0.02530182724104191, 0.821434161086363, 0.8216873948114116, 0.8214899274319594, 0.8214935517074599, 0.8213900056325977, 0.8214120677196706, 0.8216239948298356, 0.8219187697110709, 0.8219330079826349, 0.8221697100483627, 0.8223780961621805, 0.8223835796043789, 0.8224241209278389, 0.8224160953369738, 0.822503859314142, 0.8224621045481055, 0.8224269428523827, 0.822458581852392, 0.8223932062110969, 0.8221322071466171, 0.8221340832698971, 0.8222800684889537, 0.82222930467202, 0.8222732240198026]}