{"mean": [0.0001832431733262812, 0.00019388263752010676, 0.00019987346351424022, 0.00019374566153810806, 0.0001940397470226888, 0.00018040306365188388, 0.00019669036196414487, 0.00020238040555217658, 0.00019340130001835245, 0.00019261077736012862, 0.00018968230080898706, 0.0001900080749288928, 0.0002047292841233613, 0.00020223055153752685, 0.0002165894881650266, 0.00021317554798241375, 0.00021869837097180755, 0.00022270865286959038, 0.00022426484277584489, 0.0002227929671462856, 0.00022699255646256827, 0.0002276735994996172, 0.00022550148402579698, 0.0002166510562922853, -0.0005928002649698617, -0.0005090869678409178, -0.0005682756376804566, -0.0006523946712363882, -0.0005960249969315907, -0.0009760296941225055, -0.00040693567554217, -0.0007464040381618186, -0.0006412076450774078, -0.0007498862496468466, -0.0005232994563414546, -0.0005631014957706618, -0.0006823435254637759, -0.0005782435809672537, -0.0002866498984550753, -0.000791130688625976, -0.0003646206178445045, -0.0006366176554810172, -0.0005620446883778161, -0.0007591920609439713, -0.0004262426514341057, -0.000618835123106055, -0.0005141121484207018, -0.0004732141109407913], "scale": [0.018883354139748756, 0.018891166364060307, 0.018884801239695874, 0.018888260232091232, 0.018887718720183643, 0.018895696492352784, 0.018917131513931634, 0.018922539109819902, 0.01893735914907022, 0.01893740908331464, 0.018936076603250734, 0.01893649604520207, 0.018921268324678782, 0.018921732735718913, 0.01895035624955381, 0.018948000668389052, 0.01895227202670759, 0.018947434927217375, 0.018946899639680156, 0.01894497014086504, 0.018948291904385843, 0.01894765349405818, 0.018948422778731985, 0.018958690570595196, 1.1274523539687413, 1.1274802469926037, 1.127534496888659, 1.1274615602512097, 1.1274339642786795, 1.1274727338364998, 1.1274064973753641, 1.127299339859961, 1.1272725494733498, 1.1272259377444505, 1.126978522385939, 1.1269590277269055, 1.1270235935885842, 1.1270286235471043, 1.127125711846627, 1.1266543690468893, 1.1267412018766456, 1.1267691221056735, 1.1267344062076419, 1.126576931005663, 1.1265619735762438, 1.12657908400687, 1.1265425794363404, 1.126542619816274]}