{"mean": [0.0009556776471963214, 0.0009556776471963214, 0.0009559770694214358, 0.000959776019576119, 0.000957765352873158, 0.0009502595902992121, 0.0009460090939890967, 0.0009487717674239731, 0.0009474955111626436, 0.0009466050302261472, 0.0009523879252656092, 0.0009537279427548526, 0.0009454125527168872, 0.000959477343557009, 0.0009500088734853881, 0.0009403064741514624, 0.000940006235619879, 0.0009367748405121016, 0.0009222883657191173, 0.0009433073776291401, 0.0009486060169055745, 0.0009528105135305885, 0.000952438390972976, 0.0009263848574500001, -0.00031936889624155373, -0.0005554850516160427, -0.00030350883881946476, -0.00016186906728631295, -0.0005557891267083587, -0.00022833693929526984, -0.0003523011169431423, -0.0002934828042985288, -0.0001333098156956629, -0.0001468443565499074, -0.00024301074921418694, -0.00032228718143314394, -0.00012046378298159026, -0.00018099436218801915, -0.0001267676614884819, -0.0005518660749261862, -0.000294098614133238, -0.0002822614125349279, -0.0006915113061860043, -0.0005768572886288914, -0.00044236902437930074, -0.0002063608861985233, -0.00034576594489089116, -0.0003709337180328991], "scale": [0.03110450329809473, 0.03110450329809473, 0.031104488084425543, 0.031105034393178146, 0.031105688557338314, 0.03110999573528435, 0.031110658396738735, 0.03111119637296262, 0.031111649849040225, 0.031111623788803316, 0.031112769363317146, 0.031113168998093497, 0.031117393253878793, 0.03113022115499341, 0.03113651838123639, 0.031142341031117043, 0.031142344056981217, 0.03114365916953551, 0.031157565094348957, 0.0311881835938033, 0.03119268373722227, 0.031194941943411894, 0.031195023560736425, 0.031240099850246873, 1.2424116432536954, 1.242306638900419, 1.2422159241108661, 1.242231934586515, 1.242068718183326, 1.2417670754388335, 1.2416752786957541, 1.241651376779365, 1.2416576066164537, 1.2416572973384985, 1.2416670269332544, 1.2416863694738407, 1.2416679843986158, 1.2416155768847896, 1.2415804046895542, 1.2416217962810014, 1.241667856105847, 1.2416645191182798, 1.2419407498820798, 1.241983423075011, 1.2419891188671859, 1.2421306797641558, 1.2421316319281757, 1.2421372575565985]}