{"mean": [9.934582644573911e-06, 1.1606940499570446e-05, 1.6054711831307527e-05, 1.5096671047187384e-05, 1.8955152147643362e-05, 2.194870464054725e-05, 2.1467587852249917e-05, 1.2272828763170687e-05, 1.1173429203160835e-05, 2.3532334610496833e-05, 2.2353346702984333e-05, 2.338048886448059e-05, 2.0608759182297468e-05, 2.4535607261981577e-05, 1.561717099190757e-05, 1.1996095611425205e-05, 2.1855877690650383e-05, 2.680912001029508e-05, 2.3532334610497026e-05, 2.2353346702984557e-05, 2.866983032221789e-05, 2.3141667926079927e-05, 1.0158642032930833e-05, 1.4672047669468551e-05, -0.000548823819783016, -0.0002159049669255197, 0.00010696087802917025, 6.521191168753956e-05, 0.0002624614542599551, -0.0003920364999015107, 0.00024318638410061408, -0.0007376041226619532, -0.0003701123717493255, -0.0005782520321559912, -0.00023349177480101027, -0.00038172863376998264, -0.0002509823383420879, 0.00017816734768861338, -0.0011222598862250762, -0.0009925124410883382, 0.00019745512094429646, -0.0013102544911044428, 9.203240715451352e-05, -0.0003108089628727157, 5.809303162799935e-05, -0.0011751397660642595, -0.0009589868276164854, -0.0012768575264495245], "scale": [0.025235041896812402, 0.02523516446148827, 0.025236337936207512, 0.025235720786780876, 0.025237721219829545, 0.025237576976168016, 0.025237368950834924, 0.025234865867978382, 0.025234564022530062, 0.025229013672377724, 0.025229110473282138, 0.025228790064548697, 0.025228263384753667, 0.02522798855327829, 0.025224313194884766, 0.025222682699250258, 0.025220762885944298, 0.025219474588069283, 0.02521993720516163, 0.025220034040903838, 0.025220097732292918, 0.02521844744209347, 0.025230066708573747, 0.025234001108720823, 1.2302864087483847, 1.2299073211848988, 1.2297614967260808, 1.2297594979084425, 1.229757364165845, 1.2289920738942848, 1.229114015292328, 1.2296139337792822, 1.229425363679254, 1.229247108041794, 1.2291817650464125, 1.2290549824121335, 1.2287929523157899, 1.2291745670859973, 1.2299838831573364, 1.2299134833985306, 1.2308709253611128, 1.2295460974165073, 1.2273652997959128, 1.2268979749515663, 1.2264292850875569, 1.2244230823128253, 1.2240767337636351, 1.224264782185655]}