{"mean": [-0.0005694842423745843, -0.0006278612451453033, -0.0006750310358782556, -0.0007118732915196109, -0.000755907233508453, -0.000736904603001878, -0.0007113789783863235, -0.000766513067267844, -0.000778642232979485, -0.0007671939637414841, -0.000788927046113681, -0.000771977367181406, -0.0008155383883477841, -0.0008039794437730259, -0.0008147956077175312, -0.0007929860468185616, -0.0008462751417787285, -0.0008957475235262757, -0.0008862998529389261, -0.000866761402214583, -0.0008038983331561836, -0.000802852086166768, -0.0007672779289266912, -0.0007723820409500356, 0.0004663774810872489, 0.0002868339137265145, 9.160864794413627e-05, 0.0003260469785249809, 0.0009528820730298874, 0.0004994962531724034, 0.0009226335083133894, 0.0005649798127841428, -0.0008331312749724922, -0.0003301069221134349, 0.0002058456274651292, 0.0010879117715856513, 0.00040655416794017007, 0.0003322279693937349, -0.0002699344944154902, 0.0006325672344077647, 0.000462922070053342, 0.0005781445098083902, 0.00021604322499440412, 0.00017388864608354035, 0.00027636776621789677, -0.000222723180976424, -0.0006948832252323105, -0.0007896521865604769], "scale": [0.03345948704483402, 0.033528207547063635, 0.03350378440911311, 0.033529081849058166, 0.03354568536143915, 0.03352270534712618, 0.033503474501756184, 0.03338467724269827, 0.033376846002730734, 0.03336849523315404, 0.03335061267093047, 0.03333914875359764, 0.033276769984463724, 0.03327112809726334, 0.03327263171038305, 0.03325656455759708, 0.03317323219519075, 0.0330807906030597, 0.033077302987861414, 0.033074558081426716, 0.03294952225302696, 0.0329488275080288, 0.03291499602060731, 0.03290979232470853, 0.6336959169792858, 0.6337379097784864, 0.6336993481144237, 0.6337377482130234, 0.6342734178287801, 0.6347320974597763, 0.6344658470359019, 0.6337776119228482, 0.6365449023952188, 0.6364439459399618, 0.6367051597700845, 0.6374324108452724, 0.6372733583893118, 0.6372736619433932, 0.6388278875219077, 0.6400625917146786, 0.6399720136735458, 0.6400575407231345, 0.640488239233097, 0.640487726861371, 0.6405698306001882, 0.6408285241096112, 0.6411074058392634, 0.6412338035389185]}