{"mean": [0.00011821456906804042, 0.00013684722312351692, 0.00013572961937388583, 0.00015595970845120824, 0.00016111515575897278, 0.00018852163801292746, 0.00019123913799450355, 0.00018920482515799196, 0.00020035925938955833, 0.00020035925938955822, 0.00021073458811713222, 0.00022187067278522444, 0.00025677789861873934, 0.00025856274148153036, 0.0002715059942927829, 0.0002596261159304192, 0.0002739392012314768, 0.00027746324713662495, 0.00027556545631781884, 0.0002799501783811788, 0.00028098679961124505, 0.0002838436715923714, 0.00028300357858886013, 0.00029097306638891187, 8.191919732259845e-05, 0.00033177952037851814, -0.0003270934137255294, -0.0012591365494488312, -0.000643827319591169, -0.0005412371501677115, 4.2180879328416334e-05, -0.00034357208231632763, 0.0007046542466293942, 0.0006171390611643363, -0.00011667282337623404, -0.0011878692073341202, 0.0007891566558252179, 0.0007177059784674118, 0.0018723170749391275, -0.001216967684894704, 0.001203049065827049, 0.00032306675921232837, 0.0007117964460696219, 0.001582416317186668, 0.000111527575247313, -9.948008709202623e-05, -0.000377712824571762, -0.0014142816342178556], "scale": [0.025974341023680594, 0.02597558459813601, 0.025975520522135243, 0.02595551095051001, 0.025953926695375863, 0.026005444587423324, 0.02600843515604502, 0.026009253109847745, 0.026007729570190576, 0.026007729570190576, 0.026015299120289395, 0.026030992500680854, 0.02609031081200314, 0.026090115587481748, 0.026097787889413065, 0.02610577319421839, 0.026115915457838028, 0.02611518658663262, 0.026115183609594445, 0.026113990930243434, 0.026113919944390534, 0.026113794413868307, 0.026113842841281192, 0.026111253068215236, 1.4469165410659723, 1.4473318138600952, 1.448462442393732, 1.4476105439497526, 1.4477121487962992, 1.4476365002776073, 1.4480475903848926, 1.4478833642867965, 1.448146801787281, 1.4482228685732408, 1.4482080968446687, 1.4483049767503553, 1.4510050363138318, 1.4510929271782629, 1.4520324122083113, 1.4552085956000447, 1.4579209567247786, 1.4575524320904079, 1.4576769281259712, 1.4569710987107507, 1.4583204884822354, 1.458455240032318, 1.4585019404853703, 1.4577685254136643]}