{"mean": [0.0004606690159509575, 0.000460480771626338, 0.0004562056398504368, 0.0004578209019713092, 0.00046086614143566487, 0.00045931091311352326, 0.00045822736511119184, 0.0004679542393076267, 0.0004587996418483681, 0.0004497467246786356, 0.0004492564074492389, 0.0004565321999751572, 0.0004532279493021075, 0.00044815583377825395, 0.000442484692458757, 0.0004501366348844365, 0.00047396857038771884, 0.0004843867779131008, 0.00047386981433126943, 0.0004851786258796741, 0.0005004157217236038, 0.0005072549010234006, 0.0005056940148564967, 0.0004980771812789656, -3.242759027358407e-06, -8.375575692689806e-05, -0.00014882457441985628, 7.461286715383275e-05, -0.00016717749747357437, -2.0626599922893717e-05, -0.00010434235405930212, -0.00020306868272578578, -0.00014809664147110482, -0.0003188081611700454, -0.00031497616387241825, -0.00030236881301432775, -0.00035827521084468256, -0.00019291663640007303, -0.00037734193393828083, -0.0003495879568352168, 1.2394021253552009e-06, -0.0003062423644368624, -0.0003614374355726271, -0.0003688277119881234, -0.00015346271764282352, -0.00011379684369327432, -0.00010134713216721438, -5.856870494984875e-05], "scale": [0.026668342615975664, 0.026668180027393993, 0.026666814598828793, 0.02666741243576154, 0.02666470062795749, 0.02666550601594314, 0.02666503010306493, 0.026666024834950983, 0.026668805431134632, 0.026672585266262344, 0.026672211957567925, 0.02667700333951439, 0.026678688627250882, 0.026681756282858328, 0.02667932011322153, 0.02667651749343624, 0.026710715155555943, 0.026704838121996057, 0.026709012892846832, 0.026709306864113356, 0.026731133368934446, 0.02673625272879357, 0.02673699123708265, 0.02674572120911502, 0.6022890631924153, 0.6022374967973849, 0.6022616340892055, 0.602370862979815, 0.6024135757122147, 0.6025283890941545, 0.602603989097001, 0.6026123214945045, 0.6026135377789072, 0.6025695251097992, 0.6025656457940136, 0.6025821750964288, 0.602635212010987, 0.6026482262702162, 0.6028832010398537, 0.6028934601500752, 0.6032875938001125, 0.60323634003276, 0.603280275705342, 0.6032775902592646, 0.6034294460103709, 0.6034290831180381, 0.6034227652250251, 0.6034383305406734]}