{"mean": [-0.00045207161582183397, -0.0004366005212167181, -0.0004359379594739923, -0.0003756778661537793, -0.00035954625482780423, -0.00035371425930571707, -0.00035498992651582326, -0.0003810262242066421, -0.0004035097943855644, -0.0003804233597140068, -0.00034596608081492605, -0.00032697214644797427, -0.0003109378219850101, -0.0002836868070501535, -0.00029123962644513057, -0.0002878284701769227, -0.0002265093001086695, -0.0002153441256495315, -0.00022846572405133662, -0.00024073698455087756, -0.00021981742071578903, -0.000190372368947147, -0.0001787227344036584, -0.00016005134160574941, -0.00017961157637398108, -0.0004637799130650146, -6.773633517001941e-05, 0.0001056041659550664, -0.0005814476460075746, 0.00039281066699923156, 0.0002536173863349071, 0.0005483571496592086, 0.0004118394067474616, 0.0003011139719199477, 0.00041288551755630563, 0.0008898783780050242, -0.00010042901867237987, -0.00047946567735065326, 0.0008062276626501866, 0.00019659391080824925, -0.0008244072518804204, -0.00025470898997040836, -0.0009245044504991106, 0.00013555683410707313, -0.0005707801709342674, -0.0005562139764300734, -0.0015064056278212858, -0.002499011767495164], "scale": [0.022722218214379683, 0.022702459442967452, 0.022702706871571464, 0.02266155063937164, 0.022665530270828446, 0.022662159999316596, 0.02266199861827866, 0.02260672303998419, 0.02257504626578167, 0.022544096211766434, 0.022513150963823683, 0.022521271182818638, 0.02250011935522155, 0.022456639718419706, 0.022451997781348404, 0.022449507751980104, 0.022214946527397004, 0.022209778092752017, 0.022208462342931803, 0.022217328629357058, 0.022189849266908843, 0.02217021331090462, 0.022169297224222003, 0.02216597536263341, 1.0631267294852607, 1.0630415148524048, 1.0629605991526092, 1.062972686045014, 1.062978674918985, 1.0633943020315377, 1.06347106836969, 1.063566425843361, 1.0637164016499696, 1.0636233269277484, 1.0636653011195862, 1.0638519977723022, 1.065191282425407, 1.0651672641887557, 1.0662987059867077, 1.0672806855539643, 1.0653802840238205, 1.065321801526923, 1.065632844599786, 1.0651455607555511, 1.0653128009397537, 1.065323155398776, 1.0656777250541587, 1.0663401767927019]}