{"mean": [0.0002629545145424684, 0.0002670121323660268, 0.0002659320923437973, 0.0002681166239872289, 0.00027200602684737674, 0.00028418841232942874, 0.0002707331646995128, 0.0002775679113803381, 0.0002768060323152609, 0.0002703127913756286, 0.00027150589452138997, 0.00027492433659767607, 0.0002739448839709639, 0.00027195063870055926, 0.00027631316195498207, 0.0002700252829355187, 0.00026409615020433623, 0.0002710596488766919, 0.0002688556051023768, 0.000275756473631851, 0.00028822995662357585, 0.00029983055529523683, 0.000297462687813272, 0.00030293883507679715, 0.00013794742530375665, 9.353746358095105e-05, 0.0004230803417822346, 0.0005934651824137215, 0.00020355130891170297, 0.00043115338987099046, 0.00044057430215482286, -2.041768353322101e-05, 0.0001871518473591639, 0.00021364898606843647, 0.0003106030952854032, 0.00018767419729819382, 0.00018906043001771928, 0.0002424509968515853, 0.00033430491236301305, 0.0003634031650305327, 0.0005130018258750741, 0.00011587984248857664, 0.0001485251872085648, 8.153335961292784e-05, 0.00019957192893798337, 0.0002454515689726555, -6.925825441981881e-05, 0.00040961849116822376], "scale": [0.021816568890885735, 0.021819586881564063, 0.021819902322476502, 0.021820768777398504, 0.021815348584577187, 0.02181985779396709, 0.021823531981051095, 0.0218269237047631, 0.02182717840653312, 0.021833130369424483, 0.021833882208135875, 0.021835351506913615, 0.021835271576188843, 0.021835678898035303, 0.0218357945828073, 0.02183739136149041, 0.021842995900865404, 0.02183065569557387, 0.021831319806004473, 0.02183360407275064, 0.02184935193039588, 0.02185714157345615, 0.021856247391376215, 0.021858163981602084, 0.6931299770625591, 0.6931283079182214, 0.6931369833322787, 0.6930983883756967, 0.6927881899744129, 0.6928205522224252, 0.692806511380008, 0.6923226826391915, 0.6923267058378223, 0.6923115976043358, 0.6922364229328759, 0.6919871404298902, 0.6919841367899423, 0.6920122342679701, 0.6919196287945456, 0.6919438852645808, 0.6919240877054341, 0.6918631089753977, 0.6918861651076974, 0.6918808377330335, 0.6918904031893367, 0.6918436166376285, 0.6917317784562433, 0.6921538159593181]}