{"mean": [-0.00054463153806312, -0.0005522245295147646, -0.0005671020696247824, -0.0005608626043326407, -0.0005604303532817131, -0.0005418761328362573, -0.0005495424043773877, -0.0005588222536848351, -0.0005364115655718005, -0.0005207283335647074, -0.0005080016878357417, -0.0005180539307455199, -0.0005154676598436212, -0.0005286184861044059, -0.0005379561017444372, -0.0005084413610573545, -0.0005287709482628904, -0.0005778559441990521, -0.0005849733923364852, -0.0006033972763337333, -0.0006089241081385825, -0.0006321528306113784, -0.0006229827385838946, -0.0006035436915482828, 0.0004674749080422936, 0.00019678298188957678, 0.0005208535039088462, 0.0006977221090905069, 0.0005827700996895878, 0.0005208903032333727, 0.0003925883775267872, 0.0005661813768749787, 0.0005594620699404221, 0.0005029460535420309, 0.0005484307382372775, 0.0008679366527592108, 0.0007032247226791355, 0.0005499436533430592, 0.000350672163730533, 8.464886246145678e-05, 0.00017007945050679299, 0.0002517394539127878, 0.0003423597831110101, 0.00018751701405791315, 1.6342502403181937e-06, -0.0001916331063430582, -0.0003470633217466636, -0.0011244590322448673], "scale": [0.020333667187999227, 0.02033212088545308, 0.020333299104096828, 0.020333507211891633, 0.02033341005957731, 0.020312750719773568, 0.020307396220936483, 0.020307099710747272, 0.020262276485600687, 0.020265848637251047, 0.02026071391370864, 0.0202621376554936, 0.02026151177070974, 0.020254564608021584, 0.020244433746650792, 0.020216503604811545, 0.02022492789245384, 0.02012851921730465, 0.020131225723039117, 0.020107075476563714, 0.02010579040243053, 0.020087067238492816, 0.020080029048956404, 0.020074688220480554, 0.6093528733023358, 0.6094742227290991, 0.6097030322562086, 0.6098339142970283, 0.6098603258164538, 0.6098656809591211, 0.6099546782039115, 0.6100203956055789, 0.6100192132044852, 0.6100916181841598, 0.6101323207014734, 0.6100000401689979, 0.6099838456983491, 0.6099932824809646, 0.6101536845645195, 0.6103276350201168, 0.6103467974942153, 0.6103993399465832, 0.610370601637086, 0.6102541488688282, 0.6104032482663627, 0.6104269547389789, 0.6104646515406532, 0.6117691644844595]}