{"mean": [0.000297689617363676, 0.000305266374599816, 0.0003161622439230897, 0.000311625755684341, 0.00031527244213656235, 0.0003057220798098112, 0.00030721681453686116, 0.0003036920770257796, 0.0002887562339005218, 0.0002772434707933682, 0.00027670285540173483, 0.00028054210013682835, 0.0002768539697799612, 0.0002678855693288554, 0.00026609303141381156, 0.0002687354342431464, 0.0002757414024512056, 0.0002774978410002493, 0.0002724454032639367, 0.0002751001480597207, 0.0002774298269269706, 0.000282433394541591, 0.00027882376082101164, 0.00026519141503543133, -7.595950990861156e-05, -0.00012446929306551556, 1.843979112432547e-05, 0.0002684419460648687, 0.00030708083712540013, 0.00012658558308650475, 0.00011207015307472594, 7.470674103996e-05, 2.713239736132277e-05, -0.0002411656515858799, -0.0002241817266681938, -3.664389786131894e-05, -2.4584169457083593e-05, -0.00018508356330992115, -0.0003403110781909842, -0.0002719672509200699, 0.00011988556881383662, -0.00017220746940479735, -0.00023411875232803907, -9.776055889754179e-05, -9.657090641314581e-05, -0.0002891351860871025, -0.00022605868214693633, 3.5024029515668954e-06], "scale": [0.020973166916357085, 0.020979985366289138, 0.020972129864342656, 0.02097268527981303, 0.020968509928495336, 0.02096483455452193, 0.020965718711137647, 0.020964525917339872, 0.02096988564025119, 0.0209731590394298, 0.02097295025801645, 0.02097411591808527, 0.020972111113838635, 0.020973830291659758, 0.020974147947730358, 0.020972506898232674, 0.020977380832647007, 0.020976725937158165, 0.020978694438850642, 0.020979365098377, 0.020983826633872826, 0.020985908573005144, 0.02098661882115579, 0.020995628797088647, 0.5859559324784857, 0.585935955748439, 0.585893519130696, 0.5858681754307106, 0.5858530329790954, 0.5857218160934164, 0.5857293296827059, 0.585745298607185, 0.5856974199061558, 0.5855693281642136, 0.5855590520695241, 0.5855402349494901, 0.585544183924443, 0.5855478079129013, 0.5856791868291797, 0.5857360866607341, 0.5854862225795637, 0.5852847304731003, 0.5853728070129366, 0.5853183934049191, 0.5853202895450339, 0.5853528474649796, 0.5853732009621105, 0.5852645899099826]}