{"mean": [0.0002530470981520075, 0.00024840789538031825, 0.00023592637149334525, 0.00023261633053921348, 0.00023123613531673818, 0.00023024266702322005, 0.00024233093776324034, 0.00024682227918435825, 0.00024405556791156225, 0.0002477195775104695, 0.00024342895140213867, 0.00024791432950728356, 0.0002487216066148042, 0.0002506396556887252, 0.0002566994196289767, 0.00024651130269185307, 0.00024681305707718344, 0.0002376904278486739, 0.00024408956669623975, 0.0002469944762078349, 0.0002479250521953679, 0.00024799196165895974, 0.000246482386064558, 0.0002531602048415908, -0.00013418515100109917, -7.332302075739449e-06, -0.00030569121761131213, -8.279830661373756e-05, 5.818036823616331e-05, -0.0005436494142745564, -6.253375251734623e-05, -0.0002579423040628501, -0.0003234106241372265, -0.0002307576930296836, -0.0004421431351150115, -0.00021199956197106695, -0.0001110045362155987, -0.0004564361064017431, -0.00032238480835515527, -0.0003594591590755674, -0.0002952211513275437, -0.00024051183225524806, -0.00027570769315271305, -0.00014753055714409536, -0.0003235477003778838, -0.0007137945913547218, -0.0008097176077061305, -0.001165987796572439], "scale": [0.020078987529337674, 0.020077219439236696, 0.0200714400451958, 0.020069893951274842, 0.020070552537998245, 0.02007085929009683, 0.02006997170120624, 0.020066442974514386, 0.02006528909075917, 0.02006624544832906, 0.020062959543012137, 0.02006297238271705, 0.020063069436466935, 0.020062733197624177, 0.02006814652169631, 0.020059461426743346, 0.020059387770341202, 0.020056113491134873, 0.020049950747811286, 0.020049198200126014, 0.02004911313605249, 0.020049098564487496, 0.020049231650038822, 0.020048056125851883, 0.5780888276648528, 0.5781383807585385, 0.5783324048970693, 0.5785850041391293, 0.5784303243465282, 0.5781899996075379, 0.5782408681267652, 0.5784182696888828, 0.578404978424154, 0.5783932333480243, 0.5785189059135148, 0.578675428842914, 0.5787776089243378, 0.5790042546161688, 0.5789230547637704, 0.5789261313399776, 0.5789101913930216, 0.5789206251969693, 0.5788858365639699, 0.5787076181889876, 0.5786746792108336, 0.5787587538019131, 0.578876904146946, 0.5791361639389869]}