{"mean": [0.00019585380950790449, 0.00019740280203723624, 0.00019201328970348466, 0.0001910082966760069, 0.00019803842759512084, 0.00020053705255271482, 0.0002053164902156565, 0.00020488540437348226, 0.00020870516361713132, 0.00019440304835571275, 0.00020120067170394302, 0.00020374620467956034, 0.00020616234083467558, 0.00020751026219553313, 0.0002227976751505347, 0.0002186123778188807, 0.0002303526719641554, 0.00024397521426512906, 0.00023777156864068013, 0.00023054800514152616, 0.0002212267669299029, 0.00021004422838178234, 0.00019810279849119907, 0.0001906519865860929, -0.0008372055985817358, 7.240652547921709e-06, -0.0004640027330868725, -0.00043809051674380267, -0.0005678737974022548, -0.0010612030546041874, -1.068182736903967e-05, -0.0003064417937372438, -0.00010826614979992348, -0.00016433735336687672, 0.0005016332746901143, -6.779434502763568e-05, -0.00016880451759805317, -0.0010352255769223817, -0.0005464061620436383, -0.0003835223637002932, -0.0004976202384587894, -0.0008832246521917313, -0.0008129712882971571, -0.0006237659778541945, -0.0007809289151859036, -0.0007363014068948692, -0.00125773823483755, -0.001625599831157877], "scale": [0.01570358499273004, 0.01570358946341632, 0.015698699685755463, 0.015698814727536016, 0.015698672838397407, 0.015701838554747605, 0.01569906806025774, 0.015699220206071382, 0.01569272495116902, 0.01567418831638949, 0.01566864937008836, 0.015668097463777696, 0.015667504872115295, 0.01566641193693375, 0.01571604219310032, 0.01572461273667572, 0.015726646783678425, 0.015725871454997112, 0.015740240290514875, 0.015745501196501997, 0.015735404588678233, 0.0157336176438891, 0.015726674988378164, 0.015726293910511526, 0.5699514606428624, 0.5690950611395684, 0.5693296392875501, 0.56933713209373, 0.5692117608241063, 0.5701521400044881, 0.5712357472437224, 0.5711503844332373, 0.5710563737135962, 0.5710593225668272, 0.5715002500418714, 0.5715819207708416, 0.5716240843633054, 0.5735576675964267, 0.5744078070450055, 0.5743723863433067, 0.5743691541421366, 0.5744907436621318, 0.5744941101299492, 0.5745729830142547, 0.5746510218829075, 0.5746368992708497, 0.574529414726651, 0.5751194756770258]}