{"mean": [-0.00013337778855869963, -0.00014574581856945259, -0.00020422957406432326, -0.00021133575400309653, -0.0002091015035387385, -0.00020334675617996565, -0.00020339478319640635, -0.00019718923185277552, -0.0001994819767435834, -0.0001937118082662436, -0.00020581295954901673, -0.00019451753605890287, -0.000206933978259399, -0.00019864733397103384, -0.00022748816824460813, -0.00023056012356860716, -0.00022792239647525465, -0.00020264351486133224, -0.00018317953462184292, -0.00019292950846779345, -0.00018692424426019932, -0.0001627914504153682, -0.00016525905507604622, -0.00018868192451387884, 0.0009464769311708106, 0.00070029306009386, 0.0003504045543709737, -2.8926002910094316e-05, -0.0002331684003156798, 3.145156043010706e-05, -9.737919884185096e-05, -0.0006844996727623065, -8.326088166293431e-05, 0.00012868323327614413, 0.00018888549890926082, -0.0002029615917221667, -0.00023572629692866374, -4.277730201076465e-05, -0.0010355665132420208, -0.00045528933839987154, 0.00011467213362442773, -0.0002326356400268666, 0.0001608890520030495, 0.0005083192410819627, 0.000503499475128624, 0.0004149430685383828, 0.00013515868666390471, -0.0003600996319796106], "scale": [0.02113891049582486, 0.021129824891453167, 0.020926996968559625, 0.020921924386742737, 0.02092102116383905, 0.020921263808633524, 0.020921285623213538, 0.020919627972689845, 0.02091799900863796, 0.0209171678809733, 0.020911797151996984, 0.02090431406643859, 0.02089619158408207, 0.02089141165493292, 0.02084967507266263, 0.02085107949213336, 0.02085216734565896, 0.020821407680154322, 0.020808132413343786, 0.02080421651107055, 0.020803258142937237, 0.020766331006946324, 0.020765714102258016, 0.020733147300628935, 0.6232520766170748, 0.6232746697026844, 0.622724344344549, 0.6226497479283001, 0.6228131138771063, 0.6229284783556498, 0.6230191704464055, 0.6235157523137432, 0.6243383198515846, 0.6244034765064219, 0.6243879712154736, 0.6248126235550526, 0.6248077634114699, 0.6247610615939959, 0.6262082053249242, 0.6264156456471052, 0.6266806015910018, 0.6264321565515809, 0.6264263654793191, 0.6263468699999252, 0.6263475302738705, 0.6263584653875978, 0.6267839957382021, 0.627510746723868]}